cohort,year,level,side,school,n_girls,n_eoy_valid,n_dropout,n_passed,taux_abandon,taux_reussite,taux_inscription,pre_math,pre_fr,post_math,post_fr,pre_comp,cfepd,n_pre,n_post,flag,pair_id
C4,2022,CM1,Ctrl,Bassaraoua,51.0,51.0,2.0,23.0,3.92156862745098,45.09803921568628,,11.646341463414634,8.268292682926829,13.511627906976743,13.680232558139537,,,41.0,43.0,REVIEW: likely same girls as C4 CM2 (pre-treatment CM1-yr records),C4-07
C4,2022,CM1,Ctrl,Dallia,24.0,24.0,0.0,23.0,0.0,95.83333333333331,,12.43421052631579,12.0,,,,,19.0,0.0,REVIEW: likely same girls as C4 CM2 (pre-treatment CM1-yr records),C4-05
C4,2022,CM1,Ctrl,Dan Kari,18.0,18.0,0.0,12.0,0.0,66.66666666666667,,8.088235294117647,9.176470588235292,10.5,9.15625,,,17.0,16.0,REVIEW: likely same girls as C4 CM2 (pre-treatment CM1-yr records),C4-02
C4,2022,CM1,Ctrl,Djirataoua Bilingue,32.0,32.0,0.0,27.0,0.0,84.375,,12.328125,11.3515625,12.53225806451613,13.629032258064516,,,32.0,31.0,REVIEW: likely same girls as C4 CM2 (pre-treatment CM1-yr records),C4-06
C4,2022,CM1,Ctrl,Gade,23.0,23.0,0.0,23.0,0.0,100.0,,1.805555555555556,2.6944444444444446,5.71875,4.546875,,,18.0,16.0,REVIEW: likely same girls as C4 CM2 (pre-treatment CM1-yr records),C4-25
C4,2022,CM1,Ctrl,Galadantchi,40.0,40.0,0.0,40.0,0.0,100.0,,6.277777777777778,4.013888888888889,7.30625,7.301282051282051,,,36.0,40.0,REVIEW: likely same girls as C4 CM2 (pre-treatment CM1-yr records),C4-08
C4,2022,CM1,Ctrl,Garin Bormo,20.0,20.0,0.0,20.0,0.0,100.0,,14.4625,14.5625,17.0,19.4125,,,20.0,20.0,REVIEW: likely same girls as C4 CM2 (pre-treatment CM1-yr records),C4-16
C4,2022,CM1,Ctrl,Garin Daoure 1,12.0,12.0,0.0,12.0,0.0,100.0,,14.291666666666666,15.125,14.416666666666666,14.916666666666666,,,12.0,12.0,REVIEW: likely same girls as C4 CM2 (pre-treatment CM1-yr records),C4-18
C4,2022,CM1,Ctrl,Garin Daoure 2,11.0,11.0,0.0,11.0,0.0,100.0,,14.45,14.125,12.590909090909092,13.75,,,10.0,11.0,REVIEW: likely same girls as C4 CM2 (pre-treatment CM1-yr records),C4-20
C4,2022,CM1,Ctrl,Garin Magaji,21.0,21.0,0.0,21.0,0.0,100.0,,6.25,6.238095238095238,8.45,8.225,,,21.0,20.0,REVIEW: likely same girls as C4 CM2 (pre-treatment CM1-yr records),C4-14
C4,2022,CM1,Ctrl,Garin Malam Hamza,18.0,18.0,0.0,18.0,0.0,100.0,,5.691176470588236,4.220588235294118,7.916666666666667,5.986111111111111,,,17.0,18.0,REVIEW: likely same girls as C4 CM2 (pre-treatment CM1-yr records),C4-13
C4,2022,CM1,Ctrl,Guigamaoua Sofoua,20.0,20.0,0.0,20.0,0.0,100.0,,10.7,5.625,11.960526315789474,7.565789473684211,,,20.0,19.0,REVIEW: likely same girls as C4 CM2 (pre-treatment CM1-yr records),C4-10
C4,2022,CM1,Ctrl,Imbelbelou 3,48.0,48.0,0.0,43.0,0.0,89.58333333333333,,11.345238095238097,14.589285714285714,,,,,42.0,0.0,REVIEW: likely same girls as C4 CM2 (pre-treatment CM1-yr records),C4-11
C4,2022,CM1,Ctrl,Kagara,26.0,26.0,0.0,26.0,0.0,100.0,,8.73076923076923,6.461538461538462,14.307692307692308,13.913461538461538,,,26.0,26.0,REVIEW: likely same girls as C4 CM2 (pre-treatment CM1-yr records),C4-30
C4,2022,CM1,Ctrl,Kankaran Safo,26.0,26.0,0.0,26.0,0.0,100.0,,11.59,11.14,13.423076923076923,12.365384615384617,,,25.0,26.0,REVIEW: likely same girls as C4 CM2 (pre-treatment CM1-yr records),C4-27
C4,2022,CM1,Ctrl,Kara Kara 2,49.0,0.0,0.0,0.0,,,,10.266666666666667,8.233333333333333,,,,,45.0,0.0,REVIEW: likely same girls as C4 CM2 (pre-treatment CM1-yr records),C4-22
C4,2022,CM1,Ctrl,Kara Kara 3,37.0,37.0,0.0,33.0,0.0,89.1891891891892,,10.68918918918919,11.783783783783784,13.01388888888889,12.46527777777778,,,37.0,36.0,REVIEW: likely same girls as C4 CM2 (pre-treatment CM1-yr records),C4-12
C4,2022,CM1,Ctrl,Kontagora Goussaoua,24.0,24.0,1.0,23.0,4.166666666666667,95.83333333333331,,7.428571428571429,3.5,11.391304347826088,6.315217391304348,,,21.0,23.0,REVIEW: likely same girls as C4 CM2 (pre-treatment CM1-yr records),C4-01
C4,2022,CM1,Ctrl,Kontagora Sofoua,32.0,32.0,2.0,17.0,6.25,53.125,,9.545454545454543,8.397727272727273,7.375,10.787037037037036,,,22.0,32.0,REVIEW: likely same girls as C4 CM2 (pre-treatment CM1-yr records),C4-03
C4,2022,CM1,Ctrl,Maisso,20.0,20.0,0.0,20.0,0.0,100.0,,5.5,3.9625,6.428571428571429,4.214285714285714,,,20.0,14.0,REVIEW: likely same girls as C4 CM2 (pre-treatment CM1-yr records),C4-17
C4,2022,CM1,Ctrl,Maza Tsaye 1,26.0,26.0,0.0,26.0,0.0,100.0,,9.94,6.52,8.99,9.16,,,25.0,25.0,REVIEW: likely same girls as C4 CM2 (pre-treatment CM1-yr records),
C4,2022,CM1,Ctrl,Maza Tsaye 2,40.0,40.0,0.0,40.0,0.0,100.0,,9.710526315789474,6.434210526315789,8.928571428571429,9.92142857142857,,,38.0,35.0,REVIEW: likely same girls as C4 CM2 (pre-treatment CM1-yr records),
C4,2022,CM1,Ctrl,Oumarou Laouali Gago,37.0,37.0,0.0,28.0,0.0,75.67567567567568,,9.824324324324325,11.0,13.808823529411764,13.485294117647058,,,37.0,34.0,REVIEW: likely same girls as C4 CM2 (pre-treatment CM1-yr records),C4-09
C4,2022,CM1,Ctrl,Radi Centre 1,29.0,0.0,0.0,0.0,,,,9.955357142857142,7.25,9.321428571428571,10.285714285714286,,,28.0,28.0,REVIEW: likely same girls as C4 CM2 (pre-treatment CM1-yr records),C4-26
C4,2022,CM1,Ctrl,Radi Centre 2,23.0,0.0,0.0,0.0,,,,5.166666666666667,2.4444444444444446,0.0,,,,18.0,1.0,REVIEW: likely same girls as C4 CM2 (pre-treatment CM1-yr records),C4-28
C4,2022,CM1,Ctrl,Radi Quartier,40.0,0.0,0.0,0.0,,,,7.486842105263157,4.967105263157895,7.298611111111111,6.597222222222222,,,38.0,36.0,REVIEW: likely same girls as C4 CM2 (pre-treatment CM1-yr records),C4-31
C4,2022,CM1,Ctrl,Safo Chadaoua,10.0,10.0,0.0,10.0,0.0,100.0,,5.722222222222222,4.972222222222222,9.425,6.75,,,9.0,10.0,REVIEW: likely same girls as C4 CM2 (pre-treatment CM1-yr records),C4-24
C4,2022,CM1,Ctrl,Sarkin Aski,12.0,10.0,0.0,10.0,0.0,100.0,,12.65,13.45,11.55,14.775,,,10.0,10.0,REVIEW: likely same girls as C4 CM2 (pre-treatment CM1-yr records),
C4,2022,CM1,Ctrl,Soumarana,23.0,23.0,0.0,23.0,0.0,100.0,,10.91304347826087,8.467391304347826,9.478260869565217,9.666666666666666,,,23.0,23.0,REVIEW: likely same girls as C4 CM2 (pre-treatment CM1-yr records),C4-23
C4,2022,CM1,Ctrl,Tajaye Djirataoua,26.0,26.0,0.0,21.0,0.0,80.76923076923077,,9.565217391304348,7.391304347826087,10.461538461538462,13.104166666666666,,,23.0,26.0,REVIEW: likely same girls as C4 CM2 (pre-treatment CM1-yr records),C4-04
C4,2022,CM1,Ctrl,Yan Zango,28.0,28.0,0.0,25.0,0.0,89.28571428571429,,8.770833333333334,11.052083333333334,11.428571428571429,14.125,,,24.0,28.0,REVIEW: likely same girls as C4 CM2 (pre-treatment CM1-yr records),C4-15
C4,2022,CM1,Int,15,1.0,1.0,0.0,1.0,0.0,100.0,,11.0,9.5,14.0,15.0,,,1.0,1.0,REVIEW: likely same girls as C4 CM2 (pre-treatment CM1-yr records),
C4,2022,CM1,Int,Atchidakofoto Bilingue,27.0,19.0,0.0,12.0,0.0,63.1578947368421,,7.339285714285714,2.3392857142857144,12.18840579710145,5.590579710144928,,,14.0,26.0,REVIEW: likely same girls as C4 CM2 (pre-treatment CM1-yr records),C4-01
C4,2022,CM1,Int,Dan Fillo 3,50.0,47.0,0.0,37.0,0.0,78.72340425531915,,10.112903225806452,8.35483870967742,14.511904761904765,13.74404761904762,,,31.0,42.0,REVIEW: likely same girls as C4 CM2 (pre-treatment CM1-yr records),C4-21
C4,2022,CM1,Int,Danja 1,31.0,31.0,0.0,18.0,0.0,58.064516129032256,,10.75925925925926,8.074074074074074,12.916666666666666,15.416666666666666,,,27.0,30.0,REVIEW: likely same girls as C4 CM2 (pre-treatment CM1-yr records),C4-06
C4,2022,CM1,Int,Danja 2,31.0,31.0,0.0,20.0,0.0,64.51612903225806,,7.125,6.696428571428571,10.653846153846152,12.528846153846152,,,28.0,26.0,REVIEW: likely same girls as C4 CM2 (pre-treatment CM1-yr records),C4-07
C4,2022,CM1,Int,El Kokia,51.0,51.0,0.0,35.0,0.0,68.62745098039215,,6.713414634146342,5.140243902439025,10.666666666666666,9.627777777777778,,,41.0,45.0,REVIEW: likely same girls as C4 CM2 (pre-treatment CM1-yr records),C4-08
C4,2022,CM1,Int,Garin Yari Idi,23.0,23.0,0.0,18.0,0.0,78.26086956521739,,8.431818181818182,5.0,11.391304347826088,8.847826086956522,,,22.0,23.0,REVIEW: likely same girls as C4 CM2 (pre-treatment CM1-yr records),C4-16
C4,2022,CM1,Int,Kalgon Waraou,16.0,16.0,0.0,16.0,0.0,100.0,,9.266666666666667,6.233333333333333,14.25,11.9375,,,15.0,16.0,REVIEW: likely same girls as C4 CM2 (pre-treatment CM1-yr records),C4-20
C4,2022,CM1,Int,Katare 1,39.0,39.0,0.0,29.0,0.0,74.35897435897436,,8.140625,5.2578125,12.208333333333334,10.645833333333334,,,32.0,36.0,REVIEW: likely same girls as C4 CM2 (pre-treatment CM1-yr records),C4-12
C4,2022,CM1,Int,Katare 2,23.0,23.0,0.0,19.0,0.0,82.6086956521739,,8.571428571428571,9.904761904761903,12.833333333333334,14.02777777777778,,,21.0,18.0,REVIEW: likely same girls as C4 CM2 (pre-treatment CM1-yr records),C4-13
C4,2022,CM1,Int,Koderaoua,47.0,44.0,0.0,39.0,0.0,88.63636363636364,,6.4875,4.46875,11.085365853658535,9.426829268292684,,,40.0,41.0,REVIEW: likely same girls as C4 CM2 (pre-treatment CM1-yr records),C4-09
C4,2022,CM1,Int,Maradou Centre,56.0,50.0,0.0,34.0,0.0,68.0,,7.041666666666667,4.173611111111111,9.348484848484848,7.628787878787879,,,36.0,33.0,REVIEW: likely same girls as C4 CM2 (pre-treatment CM1-yr records),C4-31
C4,2022,CM1,Int,Maradou Quartier,21.0,21.0,0.0,15.0,0.0,71.42857142857143,,8.81578947368421,5.2368421052631575,13.345238095238097,10.154761904761903,,,19.0,21.0,REVIEW: likely same girls as C4 CM2 (pre-treatment CM1-yr records),C4-27
C4,2022,CM1,Int,Namaroua,29.0,28.0,0.0,28.0,0.0,100.0,,7.06,5.14,9.875,13.642857142857142,,,25.0,28.0,REVIEW: likely same girls as C4 CM2 (pre-treatment CM1-yr records),C4-02
C4,2022,CM1,Int,Sabon Gari Kolta,29.0,26.0,0.0,15.0,0.0,57.69230769230769,,9.576923076923077,7.509615384615385,13.60344827586207,12.0,,,26.0,29.0,REVIEW: likely same girls as C4 CM2 (pre-treatment CM1-yr records),C4-05
C4,2022,CM1,Int,Safo Dan Ali,17.0,17.0,0.0,15.0,0.0,88.23529411764706,,9.941176470588236,6.382352941176471,15.176470588235292,12.617647058823527,,,17.0,17.0,REVIEW: likely same girls as C4 CM2 (pre-treatment CM1-yr records),C4-24
C4,2022,CM1,Int,Safo El Mougou,19.0,19.0,0.0,14.0,0.0,73.6842105263158,,5.166666666666667,5.736111111111111,7.083333333333333,6.388888888888889,,,18.0,18.0,REVIEW: likely same girls as C4 CM2 (pre-treatment CM1-yr records),C4-25
C4,2022,CM1,Int,Safo Nassaraoua,25.0,25.0,0.0,16.0,0.0,64.0,,3.323529411764706,3.485294117647059,6.239130434782608,6.043478260869565,,,17.0,23.0,REVIEW: likely same girls as C4 CM2 (pre-treatment CM1-yr records),C4-28
C4,2022,CM1,Int,Soura 1,42.0,42.0,0.0,32.0,0.0,76.19047619047619,,12.447368421052632,13.421052631578949,14.407407407407408,16.22222222222222,,,19.0,27.0,REVIEW: likely same girls as C4 CM2 (pre-treatment CM1-yr records),C4-29
C4,2022,CM1,Int,Soura 2,15.0,15.0,0.0,14.0,0.0,93.33333333333331,,10.0,9.596153846153848,11.8,13.466666666666669,,,13.0,15.0,REVIEW: likely same girls as C4 CM2 (pre-treatment CM1-yr records),C4-14
C4,2022,CM1,Int,Soura 3,22.0,19.0,0.0,17.0,0.0,89.47368421052632,,11.657894736842104,12.473684210526317,14.171052631578949,14.223684210526317,,,19.0,19.0,REVIEW: likely same girls as C4 CM2 (pre-treatment CM1-yr records),C4-15
C4,2022,CM1,Int,Soura Aboubacar 4,49.0,47.0,0.0,29.0,0.0,61.70212765957447,,11.705128205128204,12.935897435897436,16.87878787878788,14.393939393939394,,,39.0,33.0,REVIEW: likely same girls as C4 CM2 (pre-treatment CM1-yr records),C4-22
C4,2022,CM1,Int,Soura Magaji Rogo,18.0,18.0,0.0,18.0,0.0,100.0,,10.083333333333334,11.555555555555555,13.583333333333334,14.541666666666666,,,18.0,18.0,REVIEW: likely same girls as C4 CM2 (pre-treatment CM1-yr records),C4-17
C4,2022,CM1,Int,Soura Sarkin Galma 1,42.0,42.0,0.0,41.0,0.0,97.61904761904762,,8.685897435897436,9.217948717948715,13.825,12.51875,,,39.0,40.0,REVIEW: likely same girls as C4 CM2 (pre-treatment CM1-yr records),C4-11
C4,2022,CM1,Int,Soura Sarkin Galma 2,41.0,39.0,0.0,30.0,0.0,76.92307692307692,,10.0,7.512820512820513,11.31578947368421,8.605263157894736,,,39.0,38.0,REVIEW: likely same girls as C4 CM2 (pre-treatment CM1-yr records),C4-10
C4,2022,CM1,Int,Takalmaoua 1,25.0,25.0,0.0,19.0,0.0,76.0,,9.023809523809524,7.142857142857143,8.5,10.275,,,21.0,20.0,REVIEW: likely same girls as C4 CM2 (pre-treatment CM1-yr records),C4-03
C4,2022,CM1,Int,Takalmaoua 2,19.0,17.0,0.0,17.0,0.0,100.0,,9.933333333333334,4.066666666666666,10.55,11.533333333333331,,,15.0,15.0,REVIEW: likely same girls as C4 CM2 (pre-treatment CM1-yr records),C4-04
C4,2022,CM1,Int,Tarna,65.0,64.0,0.0,54.0,0.0,84.375,,9.5,8.540178571428571,12.842105263157896,12.109649122807015,,,56.0,57.0,REVIEW: likely same girls as C4 CM2 (pre-treatment CM1-yr records),C4-26
C4,2022,CM1,Int,Tchikadji Centre,38.0,37.0,0.0,25.0,0.0,67.56756756756756,,6.069444444444445,4.5,10.671052631578949,10.848684210526317,,,36.0,38.0,REVIEW: likely same girls as C4 CM2 (pre-treatment CM1-yr records),C4-30
C4,2022,CM1,Int,Tchikadji Quartier,14.0,14.0,0.0,14.0,0.0,100.0,,5.535714285714286,4.535714285714286,6.461538461538462,8.23076923076923,,,14.0,13.0,REVIEW: likely same girls as C4 CM2 (pre-treatment CM1-yr records),C4-23
C4,2022,CM1,Int,Tibiri Nord 3,16.0,16.0,0.0,15.0,0.0,93.75,,10.461538461538462,12.0,16.5,13.34375,,,13.0,16.0,REVIEW: likely same girls as C4 CM2 (pre-treatment CM1-yr records),C4-18
C4,2022,CM1,Int,Waraou,51.0,51.0,0.0,40.0,0.0,78.43137254901961,,11.89,13.26,16.38,15.75,,,25.0,50.0,REVIEW: likely same girls as C4 CM2 (pre-treatment CM1-yr records),C4-19
C4,2022,CM2,Ctrl,Bassaraoua,51.0,51.0,4.0,26.0,7.84313725490196,50.98039215686274,100.0,11.646341463414634,8.268292682926829,13.511627906976743,13.680232558139537,,5.150253623188406,41.0,43.0,INSCRIPTION=ORIENTATION_ONLY(Passe en 6e),C4-07
C4,2022,CM2,Ctrl,Dallia,48.0,24.0,0.0,11.0,0.0,45.833333333333336,100.0,12.43421052631579,12.0,12.0,11.5,,4.579027777777777,38.0,48.0,INSCRIPTION=ORIENTATION_ONLY(Passe en 6e),C4-05
C4,2022,CM2,Ctrl,Dan Kari,18.0,18.0,5.0,7.0,27.77777777777778,38.888888888888886,100.0,8.088235294117647,9.176470588235292,10.5,9.15625,,4.971794871794872,17.0,16.0,INSCRIPTION=ORIENTATION_ONLY(Passe en 6e),C4-02
C4,2022,CM2,Ctrl,Djirataoua Bilingue,32.0,32.0,1.0,15.0,3.125,46.875,100.0,12.328125,11.3515625,12.53225806451613,13.629032258064516,,4.939677419354839,32.0,31.0,INSCRIPTION=ORIENTATION_ONLY(Passe en 6e),C4-06
C4,2022,CM2,Ctrl,Gade,23.0,23.0,0.0,16.0,0.0,69.56521739130434,100.0,1.805555555555556,2.6944444444444446,5.71875,4.546875,,5.739855072463768,18.0,16.0,INSCRIPTION=ORIENTATION_ONLY(Passe en 6e),C4-25
C4,2022,CM2,Ctrl,Galadantchi,40.0,40.0,20.0,17.0,50.0,42.5,100.0,6.277777777777778,4.013888888888889,7.493589743589744,7.301282051282051,,5.658833333333334,36.0,39.0,INSCRIPTION=ORIENTATION_ONLY(Passe en 6e),C4-08
C4,2022,CM2,Ctrl,Garin Bormo,20.0,20.0,0.0,20.0,0.0,100.0,83.33333333333333,14.4625,14.5625,17.0,19.4125,,8.578,20.0,20.0,INSCRIPTION=ORIENTATION_ONLY(Passe en 6e),C4-16
C4,2022,CM2,Ctrl,Garin Daoure 1,12.0,12.0,0.0,12.0,0.0,100.0,100.0,14.291666666666666,15.125,14.416666666666666,14.916666666666666,,8.478333333333333,12.0,12.0,INSCRIPTION=ORIENTATION_ONLY(Passe en 6e),C4-18
C4,2022,CM2,Ctrl,Garin Daoure 2,11.0,11.0,1.0,10.0,9.090909090909092,90.9090909090909,90.0,14.45,14.125,13.85,13.75,,7.080909090909089,10.0,10.0,INSCRIPTION=ORIENTATION_ONLY(Passe en 6e),C4-20
C4,2022,CM2,Ctrl,Garin Magaji,21.0,21.0,0.0,11.0,0.0,52.38095238095238,70.0,6.25,6.238095238095238,8.45,8.225,,4.984714285714285,21.0,20.0,INSCRIPTION=ORIENTATION_ONLY(Passe en 6e),C4-14
C4,2022,CM2,Ctrl,Garin Malam Hamza,18.0,18.0,0.0,3.0,0.0,16.666666666666668,66.66666666666667,5.691176470588236,4.220588235294118,7.916666666666667,5.986111111111111,,3.285555555555556,17.0,18.0,INSCRIPTION=ORIENTATION_ONLY(Passe en 6e),C4-13
C4,2022,CM2,Ctrl,Guigamaoua Sofoua,20.0,20.0,0.0,8.0,0.0,40.0,50.0,10.7,5.625,11.960526315789474,7.565789473684211,,4.555833333333334,20.0,19.0,INSCRIPTION=ORIENTATION_ONLY(Passe en 6e),C4-10
C4,2022,CM2,Ctrl,Imbelbelou 3,96.0,48.0,1.0,35.0,2.083333333333333,72.91666666666667,100.0,11.345238095238097,14.589285714285714,11.706521739130435,12.923913043478262,,5.87595744680851,84.0,92.0,INSCRIPTION=ORIENTATION_ONLY(Passe en 6e),C4-11
C4,2022,CM2,Ctrl,Kagara,26.0,26.0,0.0,14.0,0.0,53.84615384615385,92.3076923076923,8.73076923076923,6.461538461538462,14.307692307692308,13.913461538461538,,5.4124358974358975,26.0,26.0,INSCRIPTION=ORIENTATION_ONLY(Passe en 6e),C4-30
C4,2022,CM2,Ctrl,Kankaran Safo,26.0,26.0,0.0,18.0,0.0,69.23076923076923,100.0,11.59,11.14,13.423076923076923,12.365384615384617,,6.104076923076923,25.0,26.0,INSCRIPTION=ORIENTATION_ONLY(Passe en 6e),C4-27
C4,2022,CM2,Ctrl,Kara Kara 2,98.0,49.0,5.0,33.0,10.20408163265306,67.34693877551021,87.87878787878788,10.266666666666667,8.233333333333333,13.738636363636363,11.329545454545457,,5.899925925925926,90.0,88.0,INSCRIPTION=ORIENTATION_ONLY(Passe en 6e),C4-22
C4,2022,CM2,Ctrl,Kara Kara 3,37.0,37.0,0.0,33.0,0.0,89.1891891891892,100.0,10.68918918918919,11.783783783783784,13.01388888888889,12.46527777777778,,6.391891891891892,37.0,36.0,INSCRIPTION=ORIENTATION_ONLY(Passe en 6e),C4-12
C4,2022,CM2,Ctrl,Kontagora Goussaoua,24.0,24.0,3.0,7.0,12.5,29.166666666666668,60.0,7.428571428571429,3.5,11.391304347826088,6.315217391304348,,4.1752698412698415,21.0,23.0,INSCRIPTION=ORIENTATION_ONLY(Passe en 6e),C4-01
C4,2022,CM2,Ctrl,Kontagora Sofoua,32.0,32.0,2.0,14.0,6.25,43.75,71.42857142857143,9.545454545454543,8.397727272727273,8.74074074074074,10.787037037037036,,4.328888888888889,22.0,27.0,INSCRIPTION=ORIENTATION_ONLY(Passe en 6e),C4-03
C4,2022,CM2,Ctrl,Maisso,20.0,20.0,0.0,3.0,0.0,15.0,66.66666666666667,5.5,3.9625,6.428571428571429,4.214285714285714,,2.5941666666666663,20.0,14.0,INSCRIPTION=ORIENTATION_ONLY(Passe en 6e),C4-17
C4,2022,CM2,Ctrl,Maza Tsaye 1,26.0,26.0,0.0,20.0,0.0,76.92307692307692,89.47368421052632,9.94,6.52,8.99,9.16,,5.6732051282051295,25.0,25.0,INSCRIPTION=ORIENTATION_ONLY(Passe en 6e),
C4,2022,CM2,Ctrl,Maza Tsaye 2,40.0,40.0,1.0,31.0,2.5,77.5,93.10344827586206,9.710526315789474,6.434210526315789,8.928571428571429,9.92142857142857,,5.932051282051281,38.0,35.0,INSCRIPTION=ORIENTATION_ONLY(Passe en 6e),
C4,2022,CM2,Ctrl,Oumarou Laouali Gago,37.0,37.0,0.0,19.0,0.0,51.35135135135136,100.0,9.824324324324325,11.0,13.808823529411764,13.485294117647058,,4.941081081081081,37.0,34.0,INSCRIPTION=ORIENTATION_ONLY(Passe en 6e),C4-09
C4,2022,CM2,Ctrl,Radi Centre 1,29.0,29.0,0.0,20.0,0.0,68.96551724137932,100.0,9.955357142857142,7.25,9.321428571428571,10.285714285714286,,5.70264367816092,28.0,28.0,INSCRIPTION=ORIENTATION_ONLY(Passe en 6e),C4-26
C4,2022,CM2,Ctrl,Radi Centre 2,46.0,23.0,0.0,18.0,0.0,78.26086956521739,93.75,5.166666666666667,2.4444444444444446,5.0,4.583333333333333,,5.444202898550725,36.0,42.0,INSCRIPTION=ORIENTATION_ONLY(Passe en 6e),C4-28
C4,2022,CM2,Ctrl,Radi Quartier,40.0,40.0,0.0,22.0,0.0,55.0,100.0,7.486842105263157,4.967105263157895,7.298611111111111,6.597222222222222,,5.105583333333334,38.0,36.0,INSCRIPTION=ORIENTATION_ONLY(Passe en 6e),C4-31
C4,2022,CM2,Ctrl,Safo Chadaoua,10.0,10.0,0.0,7.0,0.0,70.0,100.0,5.722222222222222,4.972222222222222,9.425,6.75,,5.574333333333334,9.0,10.0,INSCRIPTION=ORIENTATION_ONLY(Passe en 6e),C4-24
C4,2022,CM2,Ctrl,Sarkin Aski,12.0,12.0,2.0,6.0,16.666666666666668,50.0,100.0,12.65,13.45,11.55,14.775,,5.264666666666667,10.0,10.0,INSCRIPTION=ORIENTATION_ONLY(Passe en 6e),
C4,2022,CM2,Ctrl,Soumarana,23.0,23.0,0.0,13.0,0.0,56.52173913043478,100.0,10.91304347826087,8.467391304347826,10.38095238095238,9.666666666666666,,4.519420289855073,23.0,21.0,INSCRIPTION=ORIENTATION_ONLY(Passe en 6e),C4-23
C4,2022,CM2,Ctrl,Tajaye Djirataoua,26.0,26.0,0.0,22.0,0.0,84.61538461538461,84.21052631578948,9.565217391304348,7.391304347826087,11.333333333333334,13.104166666666666,,5.646538461538461,23.0,24.0,INSCRIPTION=ORIENTATION_ONLY(Passe en 6e),C4-04
C4,2022,CM2,Ctrl,Yan Zango,28.0,28.0,1.0,19.0,3.571428571428572,67.85714285714286,100.0,8.770833333333334,11.052083333333334,11.428571428571429,14.125,,5.439012345679013,24.0,28.0,INSCRIPTION=ORIENTATION_ONLY(Passe en 6e),C4-15
C4,2022,CM2,Int,Atchidakofoto Bilingue,27.0,23.0,0.0,18.0,0.0,78.26086956521739,100.0,7.339285714285714,2.3392857142857144,12.18840579710145,5.590579710144928,,4.471527777777778,14.0,26.0,INSCRIPTION=ORIENTATION_ONLY(Passe en 6e),C4-01
C4,2022,CM2,Int,Dan Fillo 3,50.0,40.0,0.0,28.0,0.0,70.0,100.0,10.112903225806452,8.35483870967742,14.511904761904765,13.74404761904762,,5.968859649122808,31.0,42.0,INSCRIPTION=ORIENTATION_ONLY(Passe en 6e),C4-21
C4,2022,CM2,Int,Danja 1,31.0,31.0,0.0,23.0,0.0,74.19354838709677,100.0,10.75925925925926,8.074074074074074,12.916666666666666,15.416666666666666,,6.201397849462365,27.0,30.0,INSCRIPTION=ORIENTATION_ONLY(Passe en 6e),C4-06
C4,2022,CM2,Int,Danja 2,31.0,30.0,0.0,8.0,0.0,26.666666666666668,100.0,7.125,6.696428571428571,10.653846153846152,12.528846153846152,,3.940333333333333,28.0,26.0,INSCRIPTION=ORIENTATION_ONLY(Passe en 6e),C4-07
C4,2022,CM2,Int,El Kokia,51.0,51.0,0.0,26.0,0.0,50.98039215686274,100.0,6.713414634146342,5.140243902439025,10.666666666666666,9.627777777777778,,4.959869281045752,41.0,45.0,INSCRIPTION=ORIENTATION_ONLY(Passe en 6e),C4-08
C4,2022,CM2,Int,Garin Yari Idi,23.0,23.0,0.0,11.0,0.0,47.82608695652174,100.0,8.431818181818182,5.0,11.391304347826088,8.847826086956522,,4.905797101449275,22.0,23.0,INSCRIPTION=ORIENTATION_ONLY(Passe en 6e),C4-16
C4,2022,CM2,Int,Kalgon Waraou,16.0,16.0,0.0,14.0,0.0,87.5,100.0,9.266666666666667,6.233333333333333,14.25,11.9375,,6.18375,15.0,16.0,INSCRIPTION=ORIENTATION_ONLY(Passe en 6e),C4-20
C4,2022,CM2,Int,Katare 1,38.0,36.0,0.0,18.0,0.0,50.0,100.0,8.140625,5.2578125,12.208333333333334,10.645833333333334,,4.90111111111111,32.0,36.0,INSCRIPTION=ORIENTATION_ONLY(Passe en 6e),C4-12
C4,2022,CM2,Int,Katare 2,23.0,23.0,0.0,14.0,0.0,60.869565217391305,100.0,8.571428571428571,9.904761904761903,12.833333333333334,14.02777777777778,,4.797971014492754,21.0,18.0,INSCRIPTION=ORIENTATION_ONLY(Passe en 6e),C4-13
C4,2022,CM2,Int,Koderaoua,47.0,46.0,0.0,21.0,0.0,45.65217391304348,100.0,6.4875,4.46875,11.085365853658535,9.426829268292684,,4.928550724637682,40.0,41.0,INSCRIPTION=ORIENTATION_ONLY(Passe en 6e),C4-09
C4,2022,CM2,Int,Maradou Centre,56.0,48.0,0.0,22.0,0.0,45.833333333333336,100.0,7.041666666666667,4.173611111111111,9.348484848484848,7.628787878787879,,4.616458333333333,36.0,33.0,INSCRIPTION=ORIENTATION_ONLY(Passe en 6e),C4-31
C4,2022,CM2,Int,Maradou Quartier,21.0,21.0,0.0,19.0,0.0,90.47619047619048,100.0,8.81578947368421,5.2368421052631575,13.345238095238097,10.154761904761903,,6.7876190476190486,19.0,21.0,INSCRIPTION=ORIENTATION_ONLY(Passe en 6e),C4-27
C4,2022,CM2,Int,Namaroua,29.0,28.0,0.0,13.0,0.0,46.42857142857143,100.0,7.06,5.14,9.875,13.642857142857142,,4.805595238095238,25.0,28.0,INSCRIPTION=ORIENTATION_ONLY(Passe en 6e),C4-02
C4,2022,CM2,Int,Sabon Gari Kolta,29.0,29.0,0.0,22.0,0.0,75.86206896551724,100.0,9.576923076923077,7.509615384615385,13.60344827586207,12.0,,6.103563218390804,26.0,29.0,INSCRIPTION=ORIENTATION_ONLY(Passe en 6e),C4-05
C4,2022,CM2,Int,Safo Dan Ali,17.0,17.0,0.0,10.0,0.0,58.8235294117647,100.0,9.941176470588236,6.382352941176471,15.176470588235292,12.617647058823527,,5.425490196078432,17.0,17.0,INSCRIPTION=ORIENTATION_ONLY(Passe en 6e),C4-24
C4,2022,CM2,Int,Safo El Mougou,19.0,19.0,0.0,12.0,0.0,63.1578947368421,100.0,5.166666666666667,5.736111111111111,7.083333333333333,6.388888888888889,,4.969473684210525,18.0,18.0,INSCRIPTION=ORIENTATION_ONLY(Passe en 6e),C4-25
C4,2022,CM2,Int,Safo Nassaraoua,25.0,25.0,0.0,9.0,0.0,36.0,100.0,3.323529411764706,3.485294117647059,6.239130434782608,6.043478260869565,,3.719733333333333,17.0,23.0,INSCRIPTION=ORIENTATION_ONLY(Passe en 6e),C4-28
C4,2022,CM2,Int,Soura 1,42.0,41.0,7.0,24.0,17.073170731707318,58.53658536585366,100.0,12.447368421052632,13.421052631578949,14.407407407407408,16.22222222222222,,4.624796747967479,19.0,27.0,INSCRIPTION=ORIENTATION_ONLY(Passe en 6e),C4-29
C4,2022,CM2,Int,Soura 2,15.0,14.0,1.0,13.0,7.142857142857143,92.85714285714286,100.0,10.0,9.596153846153848,11.8,13.466666666666669,,6.774523809523808,13.0,15.0,INSCRIPTION=ORIENTATION_ONLY(Passe en 6e),C4-14
C4,2022,CM2,Int,Soura 3,23.0,23.0,1.0,21.0,4.3478260869565215,91.30434782608695,100.0,11.625,12.325,14.1625,14.2625,,6.734848484848485,20.0,20.0,INSCRIPTION=ORIENTATION_ONLY(Passe en 6e),C4-15
C4,2022,CM2,Int,Soura Aboubacar 4,49.0,47.0,2.0,44.0,4.25531914893617,93.61702127659576,100.0,11.705128205128204,12.935897435897436,16.87878787878788,14.393939393939394,,6.6917730496453895,39.0,33.0,INSCRIPTION=ORIENTATION_ONLY(Passe en 6e),C4-22
C4,2022,CM2,Int,Soura Magaji Rogo,18.0,18.0,0.0,14.0,0.0,77.77777777777777,92.85714285714286,10.083333333333334,11.555555555555555,13.583333333333334,14.541666666666666,,6.746666666666666,18.0,18.0,INSCRIPTION=ORIENTATION_ONLY(Passe en 6e),C4-17
C4,2022,CM2,Int,Soura Sarkin Galma 1,42.0,41.0,0.0,37.0,0.0,90.2439024390244,100.0,8.685897435897436,9.217948717948715,13.825,12.51875,,6.057154471544716,39.0,40.0,INSCRIPTION=ORIENTATION_ONLY(Passe en 6e),C4-11
C4,2022,CM2,Int,Soura Sarkin Galma 2,41.0,41.0,0.0,35.0,0.0,85.36585365853658,100.0,10.0,7.512820512820513,11.31578947368421,8.605263157894736,,6.434715447154471,39.0,38.0,INSCRIPTION=ORIENTATION_ONLY(Passe en 6e),C4-10
C4,2022,CM2,Int,Takalmaoua 1,25.0,25.0,0.0,9.0,0.0,36.0,100.0,9.023809523809524,7.142857142857143,8.5,10.275,,4.001333333333333,21.0,20.0,INSCRIPTION=ORIENTATION_ONLY(Passe en 6e),C4-03
C4,2022,CM2,Int,Takalmaoua 2,19.0,19.0,0.0,7.0,0.0,36.8421052631579,100.0,9.933333333333334,4.066666666666666,10.55,11.533333333333331,,4.41561403508772,15.0,15.0,INSCRIPTION=ORIENTATION_ONLY(Passe en 6e),C4-04
C4,2022,CM2,Int,Tarna,65.0,65.0,0.0,53.0,0.0,81.53846153846153,100.0,9.5,8.540178571428571,12.842105263157896,12.109649122807015,,5.801589743589744,56.0,57.0,INSCRIPTION=ORIENTATION_ONLY(Passe en 6e),C4-26
C4,2022,CM2,Int,Tchikadji Centre,38.0,35.0,0.0,26.0,0.0,74.28571428571429,100.0,6.069444444444445,4.5,10.671052631578949,10.848684210526317,,5.620877192982456,36.0,38.0,INSCRIPTION=ORIENTATION_ONLY(Passe en 6e),C4-30
C4,2022,CM2,Int,Tchikadji Quartier,14.0,14.0,0.0,8.0,0.0,57.142857142857146,100.0,5.535714285714286,4.535714285714286,6.461538461538462,8.23076923076923,,5.219047619047619,14.0,13.0,INSCRIPTION=ORIENTATION_ONLY(Passe en 6e),C4-23
C4,2022,CM2,Int,Tibiri Nord 3,16.0,16.0,0.0,14.0,0.0,87.5,100.0,10.461538461538462,12.0,16.5,13.34375,,7.097708333333333,13.0,16.0,INSCRIPTION=ORIENTATION_ONLY(Passe en 6e),C4-18
C4,2022,CM2,Int,Waraou,51.0,51.0,0.0,40.0,0.0,78.43137254901961,100.0,11.89,13.26,16.38,15.75,,5.966993464052287,25.0,50.0,INSCRIPTION=ORIENTATION_ONLY(Passe en 6e),C4-19
C5,2023,CM1,Ctrl,Alssaoua,11.0,11.0,0.0,8.0,0.0,72.72727272727273,,4.3,6.2,4.636363636363637,6.090909090909091,,,10.0,11.0,,C5-31
C5,2023,CM1,Ctrl,Bassaraoua,13.0,12.0,0.0,8.0,0.0,66.66666666666667,,4.846153846153846,3.807692307692308,2.3,2.4,,,13.0,10.0,,C5-04
C5,2023,CM1,Ctrl,Dallia,14.0,14.0,0.0,3.0,0.0,21.428571428571427,,1.6923076923076923,5.333333333333333,5.2727272727272725,5.636363636363637,,,13.0,11.0,,C5-02
C5,2023,CM1,Ctrl,Dan Bako,40.0,31.0,8.0,11.0,25.806451612903224,35.483870967741936,,0.5384615384615384,0.7371794871794872,2.263157894736842,0.4210526315789473,,,39.0,19.0,,C5-33
C5,2023,CM1,Ctrl,Dan Gara,20.0,20.0,3.0,8.0,15.0,40.0,,1.3333333333333333,1.1388888888888888,1.5454545454545454,0.5909090909090909,,,18.0,11.0,,C5-27
C5,2023,CM1,Ctrl,Djirataoua Bilingue,19.0,19.0,0.0,6.0,0.0,31.57894736842105,,2.210526315789474,3.301578947368421,3.2,3.3833333333333333,,,19.0,15.0,,C5-03
C5,2023,CM1,Ctrl,Galadantchi,17.0,17.0,0.0,7.0,0.0,41.1764705882353,,1.9375,5.640625,2.6666666666666665,1.8666666666666667,,,16.0,15.0,,C5-05
C5,2023,CM1,Ctrl,Garin Daoure 1,15.0,15.0,1.0,10.0,6.666666666666667,66.66666666666667,,7.066666666666666,7.233333333333333,8.333333333333334,6.555555555555555,,,15.0,9.0,,C5-16
C5,2023,CM1,Ctrl,Garin Daoure 2,17.0,17.0,0.0,10.0,0.0,58.8235294117647,,5.529411764705882,6.833333333333333,4.583333333333333,5.0625,,,17.0,12.0,,C5-17
C5,2023,CM1,Ctrl,Garin Magaji,15.0,15.0,1.0,7.0,6.666666666666667,46.66666666666666,,4.0,4.9,3.1666666666666665,5.354166666666667,,,15.0,12.0,,C5-12
C5,2023,CM1,Ctrl,Imbelbelou 3,44.0,44.0,0.0,18.0,0.0,40.90909090909091,,0.6590909090909091,1.75,1.7222222222222223,1.1826923076923077,,,44.0,27.0,,C5-08
C5,2023,CM1,Ctrl,Kara Kara 1,24.0,24.0,1.0,5.0,4.166666666666667,20.83333333333333,,2.159090909090909,3.532608695652174,2.0,1.8235294117647056,,,22.0,17.0,,C5-10
C5,2023,CM1,Ctrl,Kara Kara 2,26.0,26.0,1.0,11.0,3.8461538461538463,42.30769230769231,,4.208333333333333,7.423076923076923,4.695652173913044,7.706521739130435,,,24.0,23.0,,C5-19
C5,2023,CM1,Ctrl,Kara Kara 3,52.0,50.0,0.0,20.0,0.0,36.87943262411348,,1.9387755102040816,3.836734693877551,4.048780487804878,2.9390243902439024,,,49.0,43.0,,C5-09
C5,2023,CM1,Ctrl,Karambi Saboua,14.0,14.0,0.0,7.0,0.0,50.0,,0.2142857142857142,1.625,4.096153846153846,2.769230769230769,,,14.0,13.0,,C5-24
C5,2023,CM1,Ctrl,Karambi Sofoua,17.0,17.0,1.0,4.0,5.882352941176471,23.529411764705884,,3.21875,2.96875,6.84375,5.421875,,,16.0,16.0,,C5-30
C5,2023,CM1,Ctrl,Karhin Hali,20.0,20.0,0.0,11.0,0.0,55.0,,0.631578947368421,2.3157894736842106,4.0,1.6071428571428572,,,19.0,14.0,,C5-28
C5,2023,CM1,Ctrl,Kontagora Sofoua,19.0,19.0,1.0,9.0,5.2631578947368425,47.36842105263158,,2.3529411764705883,2.4558823529411766,2.833333333333333,1.5,,,17.0,12.0,,C5-01
C5,2023,CM1,Ctrl,Maisso,11.0,11.0,0.0,5.0,0.0,45.45454545454545,,0.7272727272727273,1.2727272727272727,1.2727272727272727,0.5,,,11.0,11.0,,C5-15
C5,2023,CM1,Ctrl,Mallamai Salifou,26.0,26.0,0.0,9.0,0.0,34.61538461538461,,1.807692307692308,3.3846153846153846,1.8125,2.375,,,26.0,16.0,,C5-25
C5,2023,CM1,Ctrl,Maza Tsaye 1,24.0,24.0,0.0,13.0,0.0,54.16666666666666,,2.125,3.28125,1.75,1.1875,,,24.0,20.0,,C5-14
C5,2023,CM1,Ctrl,Maza Tsaye 2,27.0,27.0,0.0,14.0,0.0,51.851851851851855,,2.217391304347826,2.4456521739130435,3.8,1.1547619047619049,,,23.0,20.0,,C5-11
C5,2023,CM1,Ctrl,Oumarou Laouali Gago,17.0,17.0,0.0,10.0,0.0,58.8235294117647,,0.5882352941176471,3.1029411764705883,3.892857142857143,2.375,,,17.0,14.0,,C5-06
C5,2023,CM1,Ctrl,Radi Centre 1,31.0,31.0,0.0,15.0,0.0,48.38709677419355,,1.1851851851851851,1.3557692307692308,2.3125,2.4456521739130435,,,27.0,24.0,,C5-22
C5,2023,CM1,Ctrl,Radi Centre 2,20.0,20.0,0.0,8.0,0.0,40.0,,2.7,2.8125,3.6666666666666665,3.2222222222222223,,,20.0,18.0,,C5-21
C5,2023,CM1,Ctrl,Radi Quartier,17.0,16.0,0.0,7.0,0.0,43.75,,1.2941176470588236,3.1911764705882355,1.78125,2.515625,,,17.0,16.0,,C5-23
C5,2023,CM1,Ctrl,Safo Chadaoua,13.0,13.0,0.0,5.0,0.0,38.46153846153846,,0.2307692307692307,1.2884615384615383,1.53125,1.28125,,,13.0,8.0,,C5-20
C5,2023,CM1,Ctrl,Soumarana,17.0,17.0,0.0,6.0,0.0,35.294117647058826,,1.5333333333333334,1.9666666666666663,3.033333333333333,1.8,,,15.0,15.0,,C5-18
C5,2023,CM1,Ctrl,Soura Saraki,25.0,24.0,4.0,12.0,16.666666666666668,50.0,,2.590909090909091,5.1477272727272725,2.980769230769231,2.0625,,,22.0,13.0,,C5-07
C5,2023,CM1,Ctrl,Touzza,18.0,18.0,0.0,11.0,0.0,61.11111111111112,,2.0,7.222222222222222,1.4285714285714286,1.5535714285714286,,,18.0,14.0,,C5-32
C5,2023,CM1,Ctrl,Tsanna Publique,14.0,14.0,0.0,1.0,0.0,7.142857142857143,,0.7142857142857143,1.6071428571428572,1.9230769230769231,0.6923076923076923,,,14.0,13.0,,C5-34
C5,2023,CM1,Ctrl,Yan Doto Bala,31.0,31.0,0.0,12.0,0.0,38.70967741935484,,0.925925925925926,2.5625,2.15,2.1083333333333334,,,27.0,30.0,,C5-29
C5,2023,CM1,Ctrl,Yan Doto Garin Malam,33.0,33.0,2.0,8.0,6.0606060606060606,24.24242424242424,,1.5,5.537037037037037,2.206896551724138,2.0172413793103448,,,28.0,29.0,,C5-26
C5,2023,CM1,Ctrl,Yan Zango,13.0,13.0,1.0,8.0,7.6923076923076925,61.53846153846154,,2.0,3.0,6.0,6.041666666666667,,,13.0,12.0,,C5-13
C5,2023,CM1,Int,Barouana,27.0,27.0,0.0,25.0,0.0,92.5925925925926,,2.0,1.3695652173913044,6.326086956521739,10.206521739130435,,,25.0,23.0,,C5-27
C5,2023,CM1,Int,Dan Fillo 3,32.0,32.0,0.0,32.0,0.0,100.0,,1.0,2.216666666666667,10.790322580645162,10.838709677419354,,,30.0,31.0,,C5-19
C5,2023,CM1,Int,Dan Gamji,52.0,52.0,1.0,51.0,1.9230769230769231,98.07692307692308,,0.7291666666666666,2.8541666666666665,10.0625,7.09375,,,48.0,48.0,,C5-33
C5,2023,CM1,Int,Danja 1,30.0,30.0,1.0,29.0,3.333333333333333,96.66666666666669,,1.3448275862068966,5.275,9.137931034482758,13.698275862068966,,,29.0,29.0,,C5-03
C5,2023,CM1,Int,Danja 2,17.0,17.0,0.0,16.0,0.0,94.11764705882354,,0.7333333333333333,5.05,10.6875,13.859375,,,15.0,16.0,,C5-04
C5,2023,CM1,Int,El Kokia,32.0,32.0,0.0,21.0,0.0,65.625,,1.5862068965517242,1.7241379310344829,7.839285714285714,8.883928571428571,,,29.0,28.0,,C5-05
C5,2023,CM1,Int,Garin Yari Idi,34.0,32.0,0.0,32.0,0.0,100.0,,1.2258064516129032,2.419354838709677,7.161290322580645,9.298387096774194,,,31.0,31.0,,C5-14
C5,2023,CM1,Int,Kadata,24.0,24.0,0.0,20.0,0.0,83.33333333333333,,2.380952380952381,2.238095238095238,10.3875,9.7,,,21.0,20.0,,C5-28
C5,2023,CM1,Int,Kadigaoua,17.0,17.0,0.0,17.0,0.0,100.0,,1.3,1.2333333333333334,12.75,17.90625,,,15.0,16.0,,C5-34
C5,2023,CM1,Int,Kalgon Waraou,15.0,15.0,0.0,15.0,0.0,100.0,,1.4666666666666666,1.9166666666666667,11.766666666666667,11.183333333333334,,,15.0,15.0,,C5-18
C5,2023,CM1,Int,Katare 1,37.0,36.0,0.0,35.0,0.0,97.22222222222224,,1.0,2.0347222222222223,5.890625,7.8671875,,,36.0,32.0,,C5-09
C5,2023,CM1,Int,Katare 2,28.0,28.0,1.0,27.0,3.571428571428572,96.42857142857144,,1.851851851851852,7.37037037037037,12.51851851851852,12.324074074074074,,,27.0,27.0,,C5-10
C5,2023,CM1,Int,Koderaoua,32.0,31.0,0.0,19.0,0.0,61.29032258064516,,1.608695652173913,1.576086956521739,11.153846153846152,10.461538461538462,,,23.0,26.0,,C5-06
C5,2023,CM1,Int,Kountarou Mairairai,18.0,18.0,0.0,18.0,0.0,100.0,,1.0588235294117647,1.2205882352941178,10.352941176470589,11.882352941176473,,,17.0,17.0,,C5-32
C5,2023,CM1,Int,Louloubi,21.0,21.0,0.0,21.0,0.0,100.0,,0.25,0.775,11.025,11.275,,,20.0,20.0,,C5-24
C5,2023,CM1,Int,Mallamai Saboua,32.0,29.0,1.0,23.0,3.4482758620689653,79.3103448275862,,1.793103448275862,1.1982758620689655,13.892857142857142,13.928571428571429,,,29.0,28.0,,C5-26
C5,2023,CM1,Int,Maradou Centre,35.0,33.0,0.0,28.0,0.0,84.84848484848484,,1.08,1.12,10.037037037037036,8.333333333333334,,,25.0,27.0,,C5-23
C5,2023,CM1,Int,Mountarou Barmo,17.0,17.0,0.0,17.0,0.0,100.0,,0.8666666666666667,3.625,13.65625,14.46875,,,16.0,17.0,,C5-31
C5,2023,CM1,Int,Oubandawaki Alfacha,17.0,17.0,0.0,17.0,0.0,100.0,,1.8235294117647056,1.411764705882353,12.588235294117649,15.088235294117649,,,17.0,17.0,,C5-30
C5,2023,CM1,Int,Sabon Gari Kolta,28.0,28.0,0.0,28.0,0.0,100.0,,1.7291666666666667,3.46875,12.517857142857142,13.241071428571429,,,24.0,28.0,,C5-02
C5,2023,CM1,Int,Sae Saboua,39.0,38.0,0.0,38.0,0.0,100.0,,1.5405405405405406,1.861842105263158,12.052631578947368,13.25,,,37.0,38.0,,C5-25
C5,2023,CM1,Int,Safo Dan Ali,16.0,16.0,0.0,12.0,0.0,75.0,,0.2,0.9166666666666666,12.25,12.875,,,15.0,12.0,,C5-20
C5,2023,CM1,Int,Safo Nassaraoua,25.0,25.0,0.0,11.0,0.0,44.0,,0.375,1.4791666666666667,13.333333333333334,12.791666666666666,,,24.0,24.0,,C5-21
C5,2023,CM1,Int,Soura 1,30.0,30.0,1.0,29.0,3.333333333333333,96.66666666666669,,2.537037037037037,2.90625,12.25925925925926,15.296296296296296,,,27.0,27.0,,C5-11
C5,2023,CM1,Int,Soura 2,34.0,34.0,0.0,29.0,0.0,85.29411764705883,,1.862068965517241,3.870967741935484,11.516666666666667,13.408333333333331,,,29.0,30.0,,C5-12
C5,2023,CM1,Int,Soura 3,19.0,18.0,1.0,16.0,5.555555555555555,88.88888888888889,,3.7777777777777777,4.0131578947368425,12.5,12.196428571428571,,,18.0,14.0,,C5-13
C5,2023,CM1,Int,Soura Magaji Rogo,16.0,16.0,0.0,16.0,0.0,100.0,,0.75,2.09375,11.5625,11.421875,,,16.0,16.0,,C5-15
C5,2023,CM1,Int,Soura Sarkin Galma 1,28.0,27.0,0.0,25.0,0.0,92.5925925925926,,0.6666666666666666,1.8854166666666667,8.052631578947368,12.328947368421051,,,24.0,19.0,,C5-08
C5,2023,CM1,Int,Soura Sarkin Galma 2,17.0,17.0,1.0,16.0,5.882352941176471,94.11764705882354,,1.5714285714285714,2.4107142857142856,11.75,11.140625,,,14.0,16.0,,C5-07
C5,2023,CM1,Int,Tagaza,53.0,47.0,0.0,27.0,0.0,57.4468085106383,,0.7878787878787878,0.8170731707317073,8.886363636363637,9.069767441860463,,,33.0,44.0,,C5-29
C5,2023,CM1,Int,Takalmaoua 1,20.0,20.0,0.0,16.0,0.0,89.47368421052632,,0.8125,0.625,10.526315789473683,9.842105263157894,,,16.0,20.0,,C5-01
C5,2023,CM1,Int,Tchikadji Centre,27.0,27.0,0.0,12.0,0.0,44.44444444444444,,0.7307692307692307,1.5192307692307692,9.173076923076923,8.663461538461538,,,26.0,26.0,,C5-22
C5,2023,CM1,Int,Tibiri Nord 3,25.0,25.0,1.0,24.0,4.0,96.0,,4.208333333333333,3.7291666666666665,11.6875,12.815217391304348,,,24.0,24.0,,C5-16
C5,2023,CM1,Int,Waraou,25.0,25.0,0.0,25.0,0.0,100.0,,3.24,3.0,15.2,14.41,,,25.0,25.0,,C5-17
C5,2023,CM2,Ctrl,Karambi Sofoua,18.0,18.0,1.0,6.0,5.555555555555555,33.333333333333336,100.0,7.583333333333333,3.888888888888889,7.214285714285714,5.178571428571429,,3.858823529411764,18.0,14.0,,C5-30
C5,2023,CM2,Ctrl,Mata Milki,21.0,21.0,0.0,12.0,0.0,57.142857142857146,66.66666666666667,9.547619047619047,5.011904761904762,6.0,4.595238095238095,,4.843492063492063,21.0,21.0,,
C5,2023,CM2,Ctrl,Mountarou 1,17.0,17.0,7.0,4.0,41.1764705882353,23.529411764705884,100.0,8.058823529411764,5.294117647058823,5.926470588235294,6.191176470588236,,4.729333333333334,17.0,17.0,,
C5,2023,CM2,Int,Barouana,34.0,34.0,0.0,29.0,0.0,85.29411764705883,100.0,3.25,5.8125,13.904411764705882,13.882352941176473,,5.623529411764705,32.0,34.0,,C5-27
C5,2023,CM2,Int,Kadata,17.0,17.0,0.0,16.0,0.0,94.11764705882354,100.0,8.0,5.116666666666666,15.443333333333332,17.7,,6.134901960784313,15.0,15.0,,C5-28
C5,2023,CM2,Int,Louloubi,25.0,25.0,0.0,21.0,0.0,84.0,94.73684210526316,4.708333333333333,7.416666666666667,14.69,14.67,,5.284666666666667,24.0,25.0,,C5-24
C6,2024,CM1,Ctrl,Bassaraoua,25.0,25.0,0.0,15.0,0.0,60.0,,,,,,,,0.0,0.0,,C6-04
C6,2024,CM1,Ctrl,Dan Bako,36.0,36.0,0.0,23.0,0.0,63.888888888888886,,,,,,,,0.0,0.0,,C6-33
C6,2024,CM1,Ctrl,Dan Gara,30.0,30.0,0.0,23.0,0.0,76.66666666666667,,,,,,,,0.0,0.0,,C6-27
C6,2024,CM1,Ctrl,Djirataoua Bilingue,30.0,30.0,0.0,13.0,0.0,43.333333333333336,,,,,,,,0.0,0.0,,C6-03
C6,2024,CM1,Ctrl,GADE,8.0,8.0,0.0,3.0,0.0,37.5,,,,,,,,0.0,0.0,,
C6,2024,CM1,Ctrl,Galadantchi,23.0,23.0,0.0,11.0,0.0,47.82608695652174,,,,,,,,0.0,0.0,,C6-05
C6,2024,CM1,Ctrl,Garin Daoure 1,26.0,26.0,0.0,13.0,0.0,50.0,,,,,,,,0.0,0.0,,C6-16
C6,2024,CM1,Ctrl,Imbelbelou 3,33.0,33.0,0.0,16.0,0.0,48.48484848484848,,,,,,,,0.0,0.0,,C6-08
C6,2024,CM1,Ctrl,Kagara,16.0,16.0,0.0,12.0,0.0,75.0,,,,,,,,0.0,0.0,,
C6,2024,CM1,Ctrl,Kankaran Safo,18.0,18.0,0.0,12.0,0.0,66.66666666666667,,,,,,,,0.0,0.0,,
C6,2024,CM1,Ctrl,Kara Kara 1,50.0,50.0,2.0,20.0,4.0,40.0,,,,,,,,0.0,0.0,,C6-10
C6,2024,CM1,Ctrl,Kara Kara 2,39.0,39.0,0.0,17.0,0.0,43.58974358974359,,,,,,,,0.0,0.0,,C6-19
C6,2024,CM1,Ctrl,Kara Kara 3,39.0,39.0,1.0,15.0,2.5641025641025643,38.46153846153846,,,,,,,,0.0,0.0,,C6-09
C6,2024,CM1,Ctrl,Kontagora Goussaoua,19.0,19.0,0.0,9.0,0.0,47.36842105263158,,,,,,,,0.0,0.0,,
C6,2024,CM1,Ctrl,Kontagora Sofoua,21.0,21.0,2.0,6.0,9.523809523809524,28.571428571428573,,,,,,,,0.0,0.0,,C6-01
C6,2024,CM1,Ctrl,Mallamai Salifou,23.0,23.0,0.0,15.0,0.0,65.21739130434783,,,,,,,,0.0,0.0,,C6-25
C6,2024,CM1,Ctrl,Mata Milki,40.0,40.0,0.0,24.0,0.0,60.0,,,,,,,,0.0,0.0,,
C6,2024,CM1,Ctrl,Maza Tsaye 1,51.0,51.0,5.0,18.0,9.803921568627452,35.294117647058826,,,,,,,,0.0,0.0,,C6-14
C6,2024,CM1,Ctrl,Oumarou Laouali Gago,28.0,28.0,0.0,10.0,0.0,35.714285714285715,,,,,,,,0.0,0.0,,C6-06
C6,2024,CM1,Ctrl,Sarkin Aski,10.0,10.0,0.0,6.0,0.0,60.0,,,,,,,,0.0,0.0,,
C6,2024,CM1,Ctrl,Soumarana,30.0,30.0,0.0,16.0,0.0,53.333333333333336,,,,,,,,0.0,0.0,,C6-18
C6,2024,CM1,Ctrl,Tajaye Djirataoua,18.0,18.0,2.0,8.0,11.11111111111111,44.44444444444444,,,,,,,,0.0,0.0,,
C6,2024,CM1,Ctrl,Yan Doto Garin Malam,22.0,22.0,0.0,13.0,0.0,59.09090909090909,,,,,,,,0.0,0.0,,C6-26
C6,2024,CM1,Ctrl,Yan Zango,32.0,32.0,3.0,11.0,9.375,34.375,,,,,,,,0.0,0.0,,C6-13
C6,2024,CM1,Int,Barouana,15.0,15.0,0.0,15.0,0.0,100.0,,0.6346153846153846,4.042307692307692,8.3125,16.84375,,,13.0,16.0,,C6-27
C6,2024,CM1,Int,Danja,42.0,42.0,0.0,42.0,0.0,100.0,,,,,,,,0.0,0.0,,
C6,2024,CM1,Int,Danja 2,21.0,21.0,0.0,20.0,0.0,95.23809523809524,,1.95,3.1275,12.095238095238097,14.523809523809524,,,20.0,21.0,,C6-04
C6,2024,CM1,Int,El Kokia,40.0,40.0,0.0,39.0,0.0,97.5,,3.171875,3.4375,11.4375,15.53125,,,16.0,16.0,,C6-05
C6,2024,CM1,Int,Garin Yari Idi,30.0,30.0,0.0,29.0,0.0,96.66666666666669,,1.7410714285714286,5.75,13.870967741935484,15.419354838709678,,,28.0,31.0,,C6-14
C6,2024,CM1,Int,Kadata,23.0,23.0,0.0,23.0,0.0,100.0,,1.875,1.99375,10.8125,11.927083333333334,,,24.0,24.0,,C6-28
C6,2024,CM1,Int,Kadigaoua,12.0,12.0,0.0,12.0,0.0,100.0,,1.5909090909090908,1.7272727272727273,10.75,15.291666666666666,,,11.0,12.0,,C6-34
C6,2024,CM1,Int,Kalgon Waraou,21.0,21.0,0.0,20.0,0.0,95.23809523809524,,3.727272727272727,3.8,11.181818181818182,13.0,,,22.0,22.0,,C6-18
C6,2024,CM1,Int,Katare Guidan Ousmane 1,25.0,25.0,0.0,18.0,0.0,72.0,,,,,,,,0.0,0.0,,
C6,2024,CM1,Int,Katare Guidan Ousmane 2,45.0,45.0,0.0,35.0,0.0,77.77777777777777,,,,,,,,0.0,0.0,,
C6,2024,CM1,Int,Koderaoua,34.0,34.0,0.0,33.0,0.0,97.05882352941175,,,,,,,,0.0,0.0,,C6-06
C6,2024,CM1,Int,Louloubi,17.0,17.0,0.0,17.0,0.0,100.0,,,,,,,,0.0,0.0,,C6-24
C6,2024,CM1,Int,Mallamai Saboua,30.0,30.0,0.0,30.0,0.0,100.0,,,,,,,,0.0,0.0,,C6-26
C6,2024,CM1,Int,Maradou Centre,28.0,25.0,0.0,25.0,0.0,100.0,,,,,,,,0.0,0.0,,C6-23
C6,2024,CM1,Int,Moutarou Barmo,12.0,12.0,0.0,12.0,0.0,100.0,,,,,,,,0.0,0.0,,
C6,2024,CM1,Int,Oubandawaki Alfacha,30.0,23.0,0.0,23.0,0.0,100.0,,,,,,,,0.0,0.0,,C6-30
C6,2024,CM1,Int,Sabon Gari Kolta,33.0,33.0,0.0,33.0,0.0,100.0,,0.9166666666666666,3.5771428571428574,10.971428571428572,14.571428571428571,,,36.0,35.0,,C6-02
C6,2024,CM1,Int,Safo Nassaraoua,15.0,15.0,0.0,15.0,0.0,100.0,,3.7666666666666666,3.55,10.5,15.517857142857142,,,15.0,14.0,,C6-21
C6,2024,CM1,Int,Soura 1,21.0,21.0,0.0,16.0,0.0,76.19047619047619,,,,,,,,0.0,0.0,,C6-11
C6,2024,CM1,Int,Soura 2,40.0,40.0,0.0,37.0,0.0,92.5,,,,,,,,0.0,0.0,,C6-12
C6,2024,CM1,Int,Soura 3,20.0,20.0,0.0,10.0,0.0,50.0,,,,,,,,0.0,0.0,,C6-13
C6,2024,CM1,Int,Soura Magaji Rogo,32.0,32.0,0.0,31.0,0.0,96.875,,3.34375,3.9453125,14.8046875,16.140625,,,32.0,32.0,,C6-15
C6,2024,CM1,Int,Soura Sarkin Galma 1,18.0,18.0,0.0,18.0,0.0,100.0,,2.1973684210526314,1.368421052631579,12.833333333333334,12.333333333333334,,,19.0,18.0,,C6-08
C6,2024,CM1,Int,Soura Sarkin Galma 2,27.0,27.0,0.0,23.0,0.0,85.18518518518519,,1.3888888888888888,1.9583333333333333,13.74074074074074,15.185185185185183,,,18.0,27.0,,C6-07
C6,2024,CM1,Int,Takalmaoua 1,15.0,15.0,0.0,15.0,0.0,100.0,,2.3392857142857144,1.0178571428571428,12.107142857142858,15.303571428571429,,,14.0,14.0,,C6-01
C6,2024,CM1,Int,Takalmaoua 2,12.0,12.0,0.0,12.0,0.0,100.0,,,,,,,,0.0,0.0,,
C6,2024,CM1,Int,Tibiri Dan Fillo III,28.0,28.0,0.0,26.0,0.0,92.85714285714286,,,,,,,,0.0,0.0,,
C6,2024,CM1,Int,Tibiri Nord 3,15.0,15.0,0.0,9.0,0.0,60.0,,2.5,2.2857142857142856,11.928571428571429,14.357142857142858,,,14.0,14.0,,C6-16
C6,2024,CM1,Int,Waraou,37.0,37.0,0.0,35.0,0.0,94.5945945945946,,,,,,,,0.0,0.0,,C6-17
C6,2024,CM2,Ctrl,Alssaoua,12.0,12.0,0.0,5.0,0.0,41.66666666666666,,,,,,,,0.0,0.0,,C6-31
C6,2024,CM2,Ctrl,Bassaraoua,17.0,17.0,0.0,4.0,0.0,23.529411764705884,,,,,,,,0.0,0.0,,C6-04
C6,2024,CM2,Ctrl,Dallia,26.0,26.0,2.0,6.0,7.6923076923076925,23.07692307692308,,,,,,,,0.0,0.0,,C6-02
C6,2024,CM2,Ctrl,Dan Bako,64.0,64.0,0.0,7.0,0.0,10.9375,,,,,,,,0.0,0.0,,C6-33
C6,2024,CM2,Ctrl,Dan Gara,39.0,39.0,4.0,0.0,10.256410256410255,0.0,,,,,,,,0.0,0.0,,C6-27
C6,2024,CM2,Ctrl,Dan Kari,18.0,18.0,0.0,3.0,0.0,16.666666666666668,,,,,,,,0.0,0.0,,
C6,2024,CM2,Ctrl,Djirataoua Bilingue,28.0,28.0,0.0,13.0,0.0,46.42857142857143,,,,,,,,0.0,0.0,,C6-03
C6,2024,CM2,Ctrl,Gade,16.0,16.0,0.0,3.0,0.0,18.75,,,,,,,,0.0,0.0,,
C6,2024,CM2,Ctrl,Galadantchi,31.0,31.0,0.0,5.0,0.0,16.129032258064516,,,,,,,,0.0,0.0,,C6-05
C6,2024,CM2,Ctrl,Garin Daoure 1,14.0,14.0,0.0,3.0,0.0,21.428571428571427,,,,,,,,0.0,0.0,,C6-16
C6,2024,CM2,Ctrl,Garin Magaji,15.0,15.0,0.0,3.0,0.0,20.0,,,,,,,,0.0,0.0,,C6-12
C6,2024,CM2,Ctrl,Imbelbelou 3,57.0,57.0,3.0,5.0,5.2631578947368425,8.771929824561404,,,,,,,,0.0,0.0,,C6-08
C6,2024,CM2,Ctrl,Kagara,23.0,23.0,0.0,2.0,0.0,8.695652173913043,,,,,,,,0.0,0.0,,
C6,2024,CM2,Ctrl,Kankaran Safo,7.0,7.0,0.0,3.0,0.0,42.85714285714285,,,,,,,,0.0,0.0,,
C6,2024,CM2,Ctrl,Kara Kara 1,41.0,41.0,2.0,6.0,4.878048780487805,14.634146341463415,,,,,,,,0.0,0.0,,C6-10
C6,2024,CM2,Ctrl,Kara Kara 2,41.0,41.0,6.0,5.0,14.634146341463415,12.195121951219512,,,,,,,,0.0,0.0,,C6-19
C6,2024,CM2,Ctrl,Kara Kara 3,46.0,46.0,2.0,9.0,4.3478260869565215,19.565217391304348,,,,,,,,0.0,0.0,,C6-09
C6,2024,CM2,Ctrl,Karambi Sofoua,10.0,10.0,0.0,5.0,0.0,50.0,,,,,,,,0.0,0.0,,C6-30
C6,2024,CM2,Ctrl,Kontagora Sofoua,27.0,27.0,0.0,5.0,0.0,18.51851851851852,,,,,,,,0.0,0.0,,C6-01
C6,2024,CM2,Ctrl,Mallamai Salifou,32.0,32.0,2.0,3.0,6.25,9.375,,,,,,,,0.0,0.0,,C6-25
C6,2024,CM2,Ctrl,Mata Milki,49.0,49.0,0.0,22.0,0.0,44.89795918367347,,,,,,,,0.0,0.0,,
C6,2024,CM2,Ctrl,Maza Tsaye 1,35.0,35.0,1.0,6.0,2.857142857142857,17.142857142857142,,,,,,,,0.0,0.0,,C6-14
C6,2024,CM2,Ctrl,Oumarou Laouali Gago,30.0,30.0,0.0,8.0,0.0,26.666666666666668,,,,,,,,0.0,0.0,,C6-06
C6,2024,CM2,Ctrl,Sarkin Aski,10.0,10.0,1.0,2.0,10.0,20.0,,,,,,,,0.0,0.0,,
C6,2024,CM2,Ctrl,Soumarana,24.0,24.0,0.0,5.0,0.0,20.83333333333333,,,,,,,,0.0,0.0,,C6-18
C6,2024,CM2,Ctrl,Tajaye Djirataoua,33.0,33.0,0.0,5.0,0.0,15.151515151515152,,,,,,,,0.0,0.0,,
C6,2024,CM2,Ctrl,Touzza,19.0,19.0,0.0,3.0,0.0,15.789473684210526,,,,,,,,0.0,0.0,,C6-32
C6,2024,CM2,Ctrl,Tsanna Publique,23.0,23.0,8.0,1.0,34.78260869565217,4.3478260869565215,,,,,,,,0.0,0.0,,C6-34
C6,2024,CM2,Ctrl,Yan Doto Bala,48.0,48.0,6.0,7.0,12.5,14.583333333333334,,,,,,,,0.0,0.0,,C6-29
C6,2024,CM2,Ctrl,Yan Doto Garin Malam,30.0,30.0,0.0,6.0,0.0,20.0,,,,,,,,0.0,0.0,,C6-26
C6,2024,CM2,Ctrl,Yan Zango,14.0,14.0,0.0,3.0,0.0,21.428571428571427,,,,,,,,0.0,0.0,,C6-13
C6,2024,CM2,Int,Barouana,27.0,27.0,0.0,9.0,0.0,33.333333333333336,,5.055555555555555,3.1574074074074074,13.37037037037037,15.24074074074074,,,27.0,27.0,,C6-27
C6,2024,CM2,Int,Dan Fillo 3,32.0,32.0,1.0,12.0,3.125,37.5,,7.1015625,4.734375,14.875,16.1796875,,,32.0,32.0,,C6-19
C6,2024,CM2,Int,Dan Gamji,50.0,50.0,0.0,19.0,0.0,38.0,,5.588235294117647,2.8480392156862746,16.0,15.68,,,51.0,51.0,,C6-33
C6,2024,CM2,Int,Danja 1,29.0,29.0,0.0,18.0,0.0,62.06896551724138,,8.827586206896552,5.758620689655173,15.482758620689657,17.405172413793103,,,29.0,29.0,,C6-03
C6,2024,CM2,Int,Danja 2,17.0,17.0,0.0,11.0,0.0,64.70588235294117,,9.035714285714286,6.571428571428571,15.3125,16.125,,,14.0,16.0,,C6-04
C6,2024,CM2,Int,El Kokia,26.0,26.0,0.0,13.0,0.0,50.0,,6.605263157894737,2.276315789473684,14.92,15.2,,,19.0,25.0,,C6-05
C6,2024,CM2,Int,Garin Yari Idi,32.0,32.0,0.0,14.0,0.0,43.75,,8.03125,7.59375,16.796875,15.3359375,,,32.0,32.0,,C6-14
C6,2024,CM2,Int,Kadata,25.0,25.0,0.0,11.0,0.0,44.0,,4.947916666666667,4.885416666666667,13.6875,13.520833333333334,,,24.0,24.0,,C6-28
C6,2024,CM2,Int,Kadigaoua,18.0,18.0,0.0,10.0,0.0,55.55555555555556,,8.029411764705882,6.220588235294118,15.75,15.390625,,,17.0,16.0,,C6-34
C6,2024,CM2,Int,Kalgon Waraou,14.0,14.0,0.0,6.0,0.0,42.85714285714285,,7.733333333333333,5.85,16.366666666666667,16.7,,,15.0,15.0,,C6-18
C6,2024,CM2,Int,Katare 1,0.0,0.0,0.0,0.0,,,,5.926470588235294,3.8676470588235294,16.0,16.801470588235293,,,34.0,34.0,,C6-09
C6,2024,CM2,Int,Katare 2,0.0,0.0,0.0,0.0,,,,5.481481481481482,4.481481481481482,16.0,16.39814814814815,,,27.0,27.0,,C6-10
C6,2024,CM2,Int,Katare Guidan Ousmane 1,35.0,35.0,5.0,15.0,14.285714285714286,42.85714285714285,,,,,,,,0.0,0.0,,
C6,2024,CM2,Int,Katare Guidan Ousmane 2,26.0,26.0,2.0,11.0,7.6923076923076925,42.30769230769231,,,,,,,,0.0,0.0,,
C6,2024,CM2,Int,Koderaoua,19.0,19.0,0.0,11.0,0.0,57.89473684210526,,6.289473684210527,4.578947368421052,15.0,16.092105263157894,,,19.0,19.0,,C6-06
C6,2024,CM2,Int,Kountarou Mairairai,19.0,19.0,1.0,4.0,5.2631578947368425,21.05263157894737,,6.916666666666667,5.902777777777778,14.02777777777778,14.52777777777778,,,18.0,18.0,,C6-32
C6,2024,CM2,Int,Louloubi,32.0,32.0,2.0,11.0,6.25,34.375,,4.233333333333333,4.403225806451613,14.6,13.841666666666669,,,30.0,30.0,,C6-24
C6,2024,CM2,Int,Mallamai Saboua,21.0,21.0,0.0,9.0,0.0,42.85714285714285,,4.363636363636363,5.159090909090909,15.488636363636363,15.375,,,22.0,22.0,,C6-26
C6,2024,CM2,Int,Maradou Centre,28.0,28.0,0.0,12.0,0.0,42.85714285714285,,5.9907407407407405,3.125,15.723214285714286,15.482142857142858,,,27.0,28.0,,C6-23
C6,2024,CM2,Int,Mountarou Barmo,20.0,20.0,0.0,13.0,0.0,65.0,,9.102941176470589,8.132352941176471,15.558823529411764,15.411764705882351,,,17.0,17.0,,C6-31
C6,2024,CM2,Int,Oubandawaki Alfacha,17.0,17.0,0.0,11.0,0.0,64.70588235294117,,9.352941176470589,5.955882352941177,15.264705882352942,15.823529411764708,,,17.0,17.0,,C6-30
C6,2024,CM2,Int,Sabon Gari Kolta,28.0,28.0,0.0,17.0,0.0,60.71428571428572,,4.972222222222222,3.259259259259259,16.0,17.96153846153846,,,27.0,26.0,,C6-02
C6,2024,CM2,Int,Sae Saboua,38.0,38.0,0.0,15.0,0.0,39.47368421052632,,2.9473684210526314,3.1578947368421053,14.986842105263158,14.710526315789474,,,38.0,38.0,,C6-25
C6,2024,CM2,Int,Safo Dan Ali,12.0,12.0,0.0,5.0,0.0,41.66666666666666,,5.545454545454546,4.886363636363637,12.125,12.583333333333334,,,11.0,12.0,,C6-20
C6,2024,CM2,Int,Safo Nassaraoua,12.0,12.0,0.0,6.0,0.0,50.0,,7.75,6.0625,14.625,18.25,,,12.0,12.0,,C6-21
C6,2024,CM2,Int,Soura 1,28.0,28.0,1.0,15.0,3.571428571428572,53.57142857142857,,3.537037037037037,2.851851851851852,14.848214285714286,16.75925925925926,,,27.0,28.0,,C6-11
C6,2024,CM2,Int,Soura 2,28.0,28.0,4.0,10.0,14.285714285714286,35.714285714285715,,8.027777777777779,6.25,16.75925925925926,16.37037037037037,,,27.0,27.0,,C6-12
C6,2024,CM2,Int,Soura 3,15.0,15.0,0.0,5.0,0.0,33.333333333333336,,9.7,4.833333333333333,15.616666666666667,15.583333333333334,,,15.0,15.0,,C6-13
C6,2024,CM2,Int,Soura Magaji Rogo,14.0,14.0,1.0,9.0,7.142857142857143,64.28571428571429,,10.038461538461538,10.788461538461538,17.645833333333332,16.875,,,13.0,12.0,,C6-15
C6,2024,CM2,Int,Soura Sarkin Galma 1,26.0,26.0,2.0,8.0,7.6923076923076925,30.76923076923077,,5.40625,4.53125,15.96,15.44,,,24.0,25.0,,C6-08
C6,2024,CM2,Int,Soura Sarkin Galma 2,17.0,17.0,1.0,7.0,5.882352941176471,41.1764705882353,,4.235294117647059,3.088235294117647,17.1,14.933333333333334,,,17.0,15.0,,C6-07
C6,2024,CM2,Int,Tagaza,29.0,29.0,0.0,12.0,0.0,41.37931034482759,,4.053571428571429,2.9732142857142856,16.0,16.42241379310345,,,28.0,29.0,,C6-29
C6,2024,CM2,Int,Takalmaoua 1,16.0,16.0,0.0,7.0,0.0,43.75,,2.5625,4.046875,16.0,12.125,,,16.0,16.0,,C6-01
C6,2024,CM2,Int,Tchikadji Centre,12.0,12.0,0.0,5.0,0.0,41.66666666666666,,7.916666666666667,5.416666666666667,15.375,18.52083333333333,,,12.0,12.0,,C6-22
C6,2024,CM2,Int,Tibiri Nord 3,26.0,26.0,2.0,16.0,7.6923076923076925,61.53846153846154,,7.5,7.3125,15.4375,16.989583333333332,,,24.0,24.0,,C6-16
C6,2024,CM2,Int,Waraou,30.0,30.0,2.0,12.0,6.666666666666667,40.0,,5.758928571428571,4.75,16.0,16.678571428571427,,,28.0,28.0,,C6-17
C7,2025,CM1,Ctrl,Algafia/Kotsi,17.0,17.0,0.0,0.0,0.0,0.0,,0.1428571428571428,2.2857142857142856,5.705882352941177,7.352941176470588,,,7.0,17.0,,C7-50
C7,2025,CM1,Ctrl,Alssaoua,16.0,16.0,0.0,0.0,0.0,0.0,,0.625,0.15625,6.34375,6.90625,,,16.0,16.0,,C7-34
C7,2025,CM1,Ctrl,Bini,14.0,14.0,0.0,0.0,0.0,0.0,,0.3928571428571428,0.5,4.357142857142857,7.5,,,14.0,14.0,,C7-49
C7,2025,CM1,Ctrl,Chapke,15.0,15.0,1.0,0.0,6.666666666666667,0.0,,0.875,1.0625,7.321428571428571,6.303571428571429,,,8.0,14.0,,C7-51
C7,2025,CM1,Ctrl,Dan Bako,9.0,9.0,2.0,0.0,22.22222222222222,0.0,,1.5,0.5,6.25,6.5,,,2.0,7.0,,C7-28
C7,2025,CM1,Ctrl,Dan Bouzou,20.0,20.0,2.0,0.0,10.0,0.0,,3.225,3.3,6.222222222222222,7.222222222222222,,,20.0,18.0,,C7-45
C7,2025,CM1,Ctrl,Dan Gara,8.0,8.0,0.0,0.0,0.0,0.0,,0.0,2.0,6.15625,4.75,,,1.0,8.0,,C7-27
C7,2025,CM1,Ctrl,Dan Toumbi,29.0,29.0,2.0,0.0,6.896551724137931,0.0,,2.9482758620689653,1.7758620689655171,5.232142857142857,7.571428571428571,,,29.0,28.0,,C7-46
C7,2025,CM1,Ctrl,Djirataoua Bilingue,26.0,26.0,2.0,0.0,7.6923076923076925,0.0,,0.4166666666666667,1.3958333333333333,5.833333333333333,6.708333333333333,,,24.0,24.0,,C7-03
C7,2025,CM1,Ctrl,Gade,9.0,9.0,0.0,0.0,0.0,0.0,,0.4444444444444444,1.2222222222222223,7.722222222222222,8.13888888888889,,,9.0,9.0,,C7-10
C7,2025,CM1,Ctrl,Gagadama,11.0,11.0,1.0,0.0,9.090909090909092,0.0,,1.0,2.772727272727273,7.975,8.175,,,11.0,10.0,,C7-38
C7,2025,CM1,Ctrl,Galadantchi,17.0,17.0,11.0,0.0,64.70588235294117,0.0,,0.8,0.5,7.416666666666667,7.958333333333333,,,15.0,6.0,,C7-02
C7,2025,CM1,Ctrl,Garin Daoure 1,23.0,23.0,2.0,0.0,8.695652173913043,0.0,,0.7608695652173914,1.1304347826086956,5.5,7.309523809523809,,,23.0,21.0,,C7-25
C7,2025,CM1,Ctrl,Garin Daoure 2,12.0,12.0,4.0,0.0,33.333333333333336,0.0,,0.5833333333333334,1.125,8.15625,5.6875,,,12.0,8.0,,C7-24
C7,2025,CM1,Ctrl,Garin Magaji,13.0,12.0,1.0,0.0,8.333333333333334,0.0,,0.0,1.3333333333333333,6.409090909090909,6.727272727272728,,,3.0,11.0,,C7-19
C7,2025,CM1,Ctrl,Garin Malam Hamza,21.0,21.0,0.0,0.0,0.0,0.0,,0.0555555555555555,1.6111111111111112,5.761904761904762,8.238095238095237,,,9.0,21.0,,C7-26
C7,2025,CM1,Ctrl,Guidan Dan Galdima,23.0,23.0,0.0,0.0,0.0,0.0,,0.0,0.5652173913043478,6.923913043478261,7.004347826086956,,,23.0,23.0,,C7-47
C7,2025,CM1,Ctrl,Guidan Koube,11.0,11.0,0.0,0.0,0.0,0.0,,0.6363636363636364,0.8636363636363636,8.318181818181818,8.681818181818182,,,11.0,11.0,,C7-52
C7,2025,CM1,Ctrl,Guidan Tambari,12.0,12.0,0.0,0.0,0.0,0.0,,0.0,2.7916666666666665,5.583333333333333,6.166666666666667,,,12.0,12.0,,C7-43
C7,2025,CM1,Ctrl,Guidan Zoudi,15.0,15.0,0.0,0.0,0.0,0.0,,0.9,1.35,3.4,7.733333333333333,,,5.0,15.0,,C7-48
C7,2025,CM1,Ctrl,Imbelbelou 3,29.0,29.0,7.0,0.0,24.13793103448276,0.0,,0.7068965517241379,1.5344827586206895,1.6136363636363635,6.704545454545454,,,29.0,22.0,,C7-21
C7,2025,CM1,Ctrl,Kara Kara 1,24.0,24.0,1.0,0.0,4.166666666666667,0.0,,0.3214285714285714,0.7678571428571429,4.380434782608695,8.26086956521739,,,14.0,23.0,,C7-16
C7,2025,CM1,Ctrl,Kara Kara 2,51.0,51.0,3.0,0.0,5.882352941176471,0.0,,1.5357142857142858,0.4642857142857143,5.875,6.21875,,,14.0,48.0,,C7-17
C7,2025,CM1,Ctrl,Kara Kara 3,31.0,31.0,0.0,0.0,0.0,0.0,,0.6413043478260869,1.1739130434782608,3.775,5.795833333333333,,,24.0,31.0,,C7-15
C7,2025,CM1,Ctrl,Karambi Saboua,17.0,17.0,3.0,0.0,17.647058823529413,0.0,,2.0,0.0,7.267857142857143,5.892857142857143,,,3.0,14.0,,C7-32
C7,2025,CM1,Ctrl,Karambi Sofoua,27.0,27.0,4.0,0.0,14.814814814814817,0.0,,0.4629629629629629,1.1296296296296295,4.3478260869565215,7.5978260869565215,,,27.0,23.0,,C7-36
C7,2025,CM1,Ctrl,Karhin Hali,8.0,8.0,1.0,0.0,12.5,0.0,,0.7857142857142857,1.0357142857142858,6.285714285714286,6.285714285714286,,,7.0,7.0,,C7-29
C7,2025,CM1,Ctrl,Kontagora Goussaoua,7.0,7.0,1.0,0.0,14.285714285714286,0.0,,0.2142857142857142,0.9285714285714286,7.5,6.0,,,7.0,6.0,,
C7,2025,CM1,Ctrl,Kontagora Sofoua,14.0,14.0,2.0,0.0,14.285714285714286,0.0,,0.3928571428571428,0.5,6.458333333333333,6.291666666666667,,,14.0,12.0,,C7-01
C7,2025,CM1,Ctrl,Magami,14.0,14.0,2.0,0.0,14.285714285714286,0.0,,0.5,0.9375,3.615384615384616,7.461538461538462,,,8.0,13.0,,C7-44
C7,2025,CM1,Ctrl,Maisso,9.0,8.0,2.0,0.0,25.0,0.0,,0.0,0.7222222222222222,6.666666666666667,6.083333333333333,,,9.0,6.0,,C7-23
C7,2025,CM1,Ctrl,Mallamai Salifou,32.0,32.0,1.0,0.0,3.125,0.0,,0.6086956521739131,0.6304347826086957,4.387096774193548,6.830645161290323,,,23.0,31.0,,C7-35
C7,2025,CM1,Ctrl,Mata Milki,43.0,43.0,1.0,0.0,2.3255813953488373,0.0,,0.0,0.5,5.0,6.660714285714286,,,43.0,42.0,,C7-40
C7,2025,CM1,Ctrl,Maza Tsaye 1,54.0,54.0,2.0,0.0,3.703703703703704,0.0,,0.6029411764705882,1.3235294117647058,7.527884615384615,7.413461538461538,,,34.0,52.0,,C7-13
C7,2025,CM1,Ctrl,Maza Tsaye 2,34.0,33.0,5.0,0.0,15.151515151515152,0.0,,4.136363636363637,3.6818181818181817,5.464285714285714,6.142857142857143,,,33.0,28.0,,C7-18
C7,2025,CM1,Ctrl,Oumarou Laouali Gago,30.0,30.0,0.0,0.0,0.0,0.0,,1.9,2.2666666666666666,4.433333333333334,6.928333333333333,,,30.0,30.0,,C7-05
C7,2025,CM1,Ctrl,Radi Centre 1,37.0,37.0,7.0,0.0,18.91891891891892,0.0,,1.391891891891892,1.1216216216216215,5.741379310344827,7.637931034482759,,,37.0,29.0,,C7-08
C7,2025,CM1,Ctrl,Radi Centre 2,22.0,22.0,3.0,0.0,13.636363636363637,0.0,,0.875,1.875,6.026315789473684,7.657894736842105,,,16.0,19.0,,C7-07
C7,2025,CM1,Ctrl,Radi Quartier,30.0,30.0,5.0,0.0,16.666666666666668,0.0,,0.3703703703703703,0.5370370370370371,6.9,6.16,,,27.0,25.0,,C7-09
C7,2025,CM1,Ctrl,Safo Chadaoua,20.0,20.0,10.0,0.0,50.0,0.0,,1.0714285714285714,0.6428571428571429,7.15,8.1,,,7.0,10.0,,C7-12
C7,2025,CM1,Ctrl,Soumarana,17.0,17.0,6.0,0.0,35.294117647058826,0.0,,0.125,0.59375,6.727272727272728,7.159090909090909,,,16.0,11.0,,C7-11
C7,2025,CM1,Ctrl,Tajaye Djirataoua,20.0,20.0,0.0,0.0,0.0,0.0,,0.631578947368421,1.631578947368421,5.675,7.825,,,19.0,20.0,,C7-06
C7,2025,CM1,Ctrl,Tchido,45.0,45.0,2.0,0.0,4.444444444444445,0.0,,2.3125,1.6125,5.627906976744186,6.436046511627907,,,40.0,43.0,,C7-39
C7,2025,CM1,Ctrl,Touzza,9.0,9.0,0.0,0.0,0.0,0.0,,0.2222222222222222,2.2222222222222223,6.666666666666667,5.722222222222222,,,9.0,9.0,,C7-31
C7,2025,CM1,Ctrl,Tsanna Publique,16.0,16.0,1.0,0.0,6.25,0.0,,,,7.966666666666667,7.216666666666667,,,0.0,15.0,,C7-30
C7,2025,CM1,Ctrl,Wakasso,20.0,20.0,0.0,0.0,0.0,0.0,,0.4090909090909091,1.181818181818182,6.15,7.75,,,11.0,20.0,,
C7,2025,CM1,Ctrl,Yan Doto Bala,21.0,21.0,15.0,0.0,71.42857142857143,0.0,,0.6190476190476191,1.0952380952380951,6.208333333333333,7.333333333333333,,,21.0,6.0,,C7-37
C7,2025,CM1,Ctrl,Yan Doto Garin Malam,28.0,28.0,1.0,0.0,3.571428571428572,0.0,,4.875,2.7857142857142856,2.3981481481481484,7.12962962962963,,,28.0,27.0,,C7-33
C7,2025,CM1,Ctrl,Yan Zango,16.0,16.0,4.0,0.0,25.0,0.0,,2.7333333333333334,0.7333333333333333,6.583333333333333,6.583333333333333,,,15.0,12.0,,C7-20
C7,2025,CM1,Ctrl,Zabon Mousso,12.0,12.0,0.0,0.0,0.0,0.0,,0.4,1.175,4.395833333333333,8.166666666666666,,,10.0,12.0,,C7-42
C7,2025,CM1,Int,Barouana,23.0,23.0,0.0,0.0,0.0,0.0,,0.391304347826087,0.4565217391304347,16.73913043478261,17.76086956521739,,,23.0,23.0,,C7-27
C7,2025,CM1,Int,Dan Aicha,30.0,30.0,0.0,0.0,0.0,0.0,,0.6153846153846154,0.5769230769230769,19.3,19.08333333333333,,,13.0,30.0,,C7-47
C7,2025,CM1,Int,Dan Fillo 3,17.0,17.0,0.0,0.0,0.0,0.0,,1.1875,2.59375,14.947058823529412,17.5,,,16.0,17.0,,C7-17
C7,2025,CM1,Int,Dan Gamji,35.0,35.0,0.0,0.0,0.0,0.0,,2.7285714285714286,2.9571428571428573,15.685714285714283,14.978571428571428,,,35.0,35.0,,
C7,2025,CM1,Int,Dan Gamji (Sae Saboua),31.0,31.0,0.0,0.0,0.0,0.0,,0.2410714285714285,1.2566964285714286,16.370833333333334,15.786904761904765,,,23.0,31.0,,C7-28
C7,2025,CM1,Int,Danja 1,52.0,52.0,0.0,0.0,0.0,0.0,,0.5571428571428572,1.7285714285714286,13.153846153846152,15.091346153846152,,,35.0,52.0,,C7-03
C7,2025,CM1,Int,Danja 2,19.0,19.0,0.0,0.0,0.0,0.0,,0.6842105263157895,0.7894736842105263,11.736842105263158,13.552631578947368,,,19.0,19.0,,C7-04
C7,2025,CM1,Int,Douma 1,27.0,27.0,0.0,0.0,0.0,0.0,,0.18,1.3,17.203703703703702,17.11111111111111,,,25.0,27.0,,C7-52
C7,2025,CM1,Int,Gadambo,29.0,29.0,0.0,0.0,0.0,0.0,,0.42,1.38,18.11206896551724,18.25,,,25.0,29.0,,C7-38
C7,2025,CM1,Int,Garin Bouwey,19.0,19.0,0.0,0.0,0.0,0.0,,0.5294117647058824,1.088235294117647,14.0,13.605263157894736,,,17.0,19.0,,C7-39
C7,2025,CM1,Int,Garin Yari Idi,13.0,13.0,0.0,0.0,0.0,0.0,,1.5833333333333333,0.8333333333333334,14.942307692307692,17.78846153846154,,,12.0,13.0,,C7-13
C7,2025,CM1,Int,Gawaro Madataye,26.0,26.0,0.0,0.0,0.0,0.0,,0.02,0.56,16.932692307692307,14.211538461538462,,,25.0,26.0,,C7-41
C7,2025,CM1,Int,Guidan Karma,18.0,18.0,0.0,0.0,0.0,0.0,,0.2222222222222222,0.5833333333333334,14.72222222222222,12.305555555555555,,,18.0,18.0,,C7-48
C7,2025,CM1,Int,Guidan Magagi,18.0,18.0,0.0,0.0,0.0,0.0,,0.3529411764705882,0.5882352941176471,16.90277777777778,17.09722222222222,,,17.0,18.0,,C7-49
C7,2025,CM1,Int,Guidan Moussa,32.0,32.0,0.0,0.0,0.0,0.0,,0.625,1.015625,16.53125,16.7265625,,,32.0,32.0,,C7-50
C7,2025,CM1,Int,Jan Ruwa Sedentaire,24.0,24.0,0.0,0.0,0.0,0.0,,0.1875,0.7291666666666666,17.572916666666668,17.75,,,24.0,24.0,,C7-42
C7,2025,CM1,Int,Kadata,28.0,28.0,0.0,0.0,0.0,0.0,,0.25,0.8214285714285714,14.008928571428571,15.553571428571429,,,14.0,28.0,,C7-29
C7,2025,CM1,Int,Katare 1,30.0,30.0,0.0,0.0,0.0,0.0,,0.4,1.15,10.915178571428571,15.25,,,26.0,29.0,,C7-15
C7,2025,CM1,Int,Katare 2,22.0,22.0,0.0,0.0,0.0,0.0,,0.2666666666666666,1.6666666666666667,13.409090909090908,15.397727272727272,,,15.0,22.0,,C7-16
C7,2025,CM1,Int,Koderaoua,28.0,28.0,0.0,0.0,0.0,0.0,,0.76,1.18,12.8125,13.607142857142858,,,25.0,28.0,,C7-05
C7,2025,CM1,Int,Kouran Mota,22.0,22.0,0.0,0.0,0.0,0.0,,0.2727272727272727,2.113636363636364,17.431818181818183,17.068181818181817,,,22.0,22.0,,C7-51
C7,2025,CM1,Int,Louloubi,19.0,19.0,0.0,0.0,0.0,0.0,,0.1764705882352941,0.9411764705882352,17.05263157894737,17.25,,,17.0,19.0,,C7-32
C7,2025,CM1,Int,Maijanguero,26.0,26.0,0.0,0.0,0.0,0.0,,0.6875,0.5,16.057692307692307,14.596153846153848,,,8.0,26.0,,C7-45
C7,2025,CM1,Int,Mallamai Saboua,25.0,25.0,0.0,0.0,0.0,0.0,,0.6590909090909091,1.8863636363636365,15.73,18.16,,,22.0,25.0,,C7-33
C7,2025,CM1,Int,Maradou Centre,31.0,31.0,0.0,0.0,0.0,0.0,,0.5806451612903226,1.4838709677419355,12.96774193548387,13.258064516129032,,,31.0,31.0,,C7-09
C7,2025,CM1,Int,Mountarou 1,14.0,14.0,0.0,0.0,0.0,0.0,,1.0416666666666667,2.458333333333333,18.321428571428573,18.839285714285715,,,12.0,14.0,,C7-40
C7,2025,CM1,Int,Mountarou Barmo,19.0,19.0,0.0,0.0,0.0,0.0,,0.1666666666666666,1.0416666666666667,15.63157894736842,17.105263157894736,,,12.0,19.0,,C7-34
C7,2025,CM1,Int,Oubandawaki Alfacha,26.0,26.0,0.0,0.0,0.0,0.0,,0.0952380952380952,1.0476190476190477,16.35576923076923,16.778846153846153,,,21.0,26.0,,C7-36
C7,2025,CM1,Int,Sabon Gari Kolta,26.0,26.0,0.0,0.0,0.0,0.0,,0.725,1.05,16.442307692307693,14.096153846153848,,,20.0,26.0,,C7-02
C7,2025,CM1,Int,Sae Saboua,51.0,51.0,0.0,0.0,0.0,0.0,,0.98,0.82,15.377450980392156,16.46078431372549,,,50.0,51.0,,C7-35
C7,2025,CM1,Int,Safo El Mougou,16.0,16.0,0.0,0.0,0.0,0.0,,0.6363636363636364,1.5,11.453125,12.625,,,11.0,16.0,,C7-10
C7,2025,CM1,Int,Safo Nassaraoua,16.0,16.0,0.0,0.0,0.0,0.0,,0.9666666666666668,2.333333333333333,12.53125,12.734375,,,15.0,16.0,,C7-07
C7,2025,CM1,Int,Safo Quartier,26.0,26.0,0.0,0.0,0.0,0.0,,0.1176470588235294,1.1470588235294117,15.134615384615383,15.076923076923077,,,17.0,26.0,,C7-12
C7,2025,CM1,Int,Soura 1,30.0,30.0,0.0,0.0,0.0,0.0,,1.0,1.125,12.708333333333334,14.058333333333334,,,20.0,30.0,,C7-18
C7,2025,CM1,Int,Soura 2,26.0,26.0,0.0,0.0,0.0,0.0,,1.5227272727272727,1.3636363636363635,12.057692307692308,15.932692307692308,,,22.0,26.0,,C7-19
C7,2025,CM1,Int,Soura 3,28.0,28.0,0.0,0.0,0.0,0.0,,1.25,0.9772727272727272,13.0,13.580357142857142,,,22.0,28.0,,C7-20
C7,2025,CM1,Int,Soura Magaji Rogo,36.0,36.0,0.0,0.0,0.0,0.0,,2.03125,0.71875,14.805555555555555,17.243055555555557,,,32.0,36.0,,C7-23
C7,2025,CM1,Int,Soura Saraki,35.0,35.0,0.0,0.0,0.0,0.0,,0.6060606060606061,1.5757575757575757,14.485714285714286,15.842857142857143,,,33.0,35.0,,C7-26
C7,2025,CM1,Int,Soura Sarkin Galma 1,58.0,58.0,0.0,0.0,0.0,0.0,,0.0775862068965517,1.5344827586206895,12.275862068965518,13.719827586206897,,,58.0,58.0,,C7-21
C7,2025,CM1,Int,Soura Sarkin Galma 2,28.0,28.0,0.0,0.0,0.0,0.0,,0.34,1.34,12.964285714285714,12.053571428571429,,,25.0,28.0,,C7-22
C7,2025,CM1,Int,Tagaza,20.0,20.0,0.0,0.0,0.0,0.0,,0.4,1.25,18.6875,17.2625,,,20.0,20.0,,C7-37
C7,2025,CM1,Int,Takalmaoua 1,22.0,22.0,0.0,0.0,0.0,0.0,,2.625,1.85,14.579545454545457,16.0,,,20.0,22.0,,C7-01
C7,2025,CM1,Int,Takalmaoua 2,12.0,12.0,0.0,0.0,0.0,0.0,,0.2083333333333333,0.6666666666666666,15.145833333333334,15.916666666666666,,,12.0,12.0,,C7-06
C7,2025,CM1,Int,Tawalala,24.0,24.0,0.0,0.0,0.0,0.0,,0.6875,0.9166666666666666,18.80208333333333,17.625,,,24.0,24.0,,C7-44
C7,2025,CM1,Int,Tchikadji Centre,39.0,39.0,0.0,0.0,0.0,0.0,,0.2777777777777778,1.5833333333333333,14.262820512820513,16.262820512820515,,,36.0,39.0,,C7-08
C7,2025,CM1,Int,Tchikadji Quartier,22.0,22.0,0.0,0.0,0.0,0.0,,0.4375,2.0,13.534090909090908,14.636363636363637,,,16.0,22.0,,C7-11
C7,2025,CM1,Int,Tibiri Nord 3,25.0,25.0,0.0,0.0,0.0,0.0,,2.32,2.38,17.22,18.48,,,25.0,25.0,,C7-25
C7,2025,CM1,Int,Waraou,24.0,24.0,0.0,0.0,0.0,0.0,,3.6041666666666665,3.333333333333333,18.291666666666668,19.30208333333333,,,24.0,24.0,,C7-24
C7,2025,CM1,Int,Zangon Narouwa,20.0,20.0,0.0,0.0,0.0,0.0,,0.175,1.025,17.3625,17.275,,,20.0,20.0,,C7-43
C7,2025,CM2,Ctrl,Dan Gara,39.0,39.0,5.0,10.0,12.82051282051282,25.64102564102564,100.0,0.4642857142857143,1.75,6.573529411764706,6.294117647058823,,3.5828125,28.0,34.0,,C7-27
C7,2025,CM2,Ctrl,Djirataoua Bilingue,24.0,24.0,5.0,8.0,20.83333333333333,33.333333333333336,100.0,0.4545454545454545,2.5,7.421052631578948,7.328947368421052,,3.643636363636364,22.0,19.0,,C7-03
C7,2025,CM2,Ctrl,Gade,11.0,11.0,0.0,4.0,0.0,36.36363636363637,100.0,0.9444444444444444,1.8888888888888888,6.181818181818182,5.7727272727272725,,3.72,9.0,11.0,,C7-10
C7,2025,CM2,Ctrl,Galadantchi,52.0,52.0,11.0,17.0,21.15384615384616,32.69230769230769,82.3529411764706,0.8173076923076923,4.0,6.323170731707317,6.323170731707317,,3.7446,52.0,41.0,,C7-02
C7,2025,CM2,Ctrl,Garin Daoure 1,22.0,22.0,3.0,9.0,13.636363636363637,40.90909090909091,66.66666666666667,1.46875,2.90625,7.184210526315789,6.2105263157894735,,3.0572727272727267,16.0,19.0,,C7-25
C7,2025,CM2,Ctrl,Garin Daoure 2,16.0,15.0,1.0,4.0,6.666666666666667,26.666666666666668,,1.2142857142857142,1.6428571428571428,6.538461538461538,6.403846153846154,,2.832666666666667,14.0,13.0,,C7-24
C7,2025,CM2,Ctrl,Guigamaoua Sofoua,4.0,4.0,0.0,2.0,0.0,50.0,100.0,0.3333333333333333,2.1666666666666665,5.0,7.375,,5.195,3.0,4.0,,C7-14
C7,2025,CM2,Ctrl,Imbelbelou 3,50.0,48.0,9.0,14.0,18.75,29.166666666666668,85.71428571428571,0.8928571428571429,1.488095238095238,6.512820512820513,7.051282051282051,,4.0180487804878044,42.0,39.0,,C7-21
C7,2025,CM2,Ctrl,Kara Kara 1,30.0,30.0,0.0,13.0,0.0,43.333333333333336,92.3076923076923,,,4.391666666666667,5.866666666666666,,4.269666666666667,0.0,30.0,,C7-16
C7,2025,CM2,Ctrl,Kara Kara 2,32.0,32.0,4.0,13.0,12.5,40.625,76.92307692307692,1.2391304347826086,1.4782608695652173,6.178571428571429,5.642857142857143,,4.105357142857143,23.0,28.0,,C7-17
C7,2025,CM2,Ctrl,Karhin Hali,32.0,32.0,8.0,11.0,25.0,34.375,90.9090909090909,1.4375,1.6875,6.25,7.145833333333333,,3.8882758620689657,32.0,24.0,,C7-29
C7,2025,CM2,Ctrl,Kontagora Goussaoua,16.0,16.0,1.0,7.0,6.25,43.75,85.71428571428571,2.9375,2.75,6.383333333333334,6.0,,4.19125,16.0,15.0,,
C7,2025,CM2,Ctrl,Kontagora Sofoua,16.0,16.0,4.0,5.0,25.0,31.25,100.0,0.90625,2.21875,6.166666666666667,5.395833333333333,,3.474,16.0,12.0,,C7-01
C7,2025,CM2,Ctrl,Maisso,12.0,12.0,0.0,5.0,0.0,41.66666666666666,80.0,2.5,1.5,5.833333333333333,6.3125,,3.9566666666666666,12.0,12.0,,C7-23
C7,2025,CM2,Ctrl,Mata Milki,21.0,21.0,1.0,8.0,4.761904761904762,38.095238095238095,88.88888888888889,0.631578947368421,0.7105263157894737,5.275,5.9125,,4.308000000000001,19.0,20.0,,C7-40
C7,2025,CM2,Ctrl,Maza Tsaye 1,49.0,49.0,8.0,19.0,16.3265306122449,38.775510204081634,89.47368421052632,2.441860465116279,1.965116279069768,6.030487804878049,6.920731707317073,,4.3723809523809525,43.0,41.0,,C7-13
C7,2025,CM2,Ctrl,Radi Centre 2,15.0,15.0,0.0,5.0,0.0,33.333333333333336,80.0,0.7142857142857143,1.3928571428571428,4.316666666666666,6.066666666666666,,3.53,14.0,15.0,,C7-07
C7,2025,CM2,Ctrl,Radi Quartier,44.0,42.0,6.0,8.0,14.285714285714286,19.047619047619047,100.0,0.6447368421052632,0.8355263157894737,3.493055555555556,5.465277777777778,,2.981904761904762,38.0,36.0,,C7-09
C7,2025,CM2,Ctrl,Sarkin Aski,9.0,9.0,0.0,3.0,0.0,33.333333333333336,100.0,3.7777777777777777,3.8333333333333335,5.777777777777778,5.75,,2.9988888888888887,9.0,9.0,,C7-22
C7,2025,CM2,Ctrl,Soumarana,26.0,25.0,0.0,6.0,0.0,24.0,100.0,,,5.94,4.79,,3.0520000000000005,0.0,25.0,,C7-11
C7,2025,CM2,Ctrl,Tajaye Djirataoua,25.0,25.0,5.0,9.0,20.0,36.0,88.88888888888889,0.4782608695652174,2.6739130434782608,5.9,5.8625,,3.75375,23.0,20.0,,C7-06
C7,2025,CM2,Ctrl,Tsanna Publique,10.0,10.0,0.0,4.0,0.0,40.0,75.0,0.7777777777777778,1.5555555555555556,6.7,5.3,,3.047,9.0,10.0,,C7-30
C7,2025,CM2,Ctrl,Yan Doto Garin Malam,31.0,31.0,3.0,13.0,9.67741935483871,41.935483870967744,91.66666666666669,3.177419354838709,1.1290322580645162,5.696428571428571,6.1875,,4.714285714285714,31.0,28.0,,C7-33
C7,2025,CM2,Int,Barouana,40.0,40.0,0.0,24.0,0.0,60.0,95.83333333333331,3.13125,2.76,17.955128205128204,17.608974358974358,,4.606153846153846,40.0,39.0,,C7-27
C7,2025,CM2,Int,Dan Fillo 3,40.0,40.0,0.0,25.0,0.0,62.5,100.0,6.263888888888889,4.736111111111111,13.916666666666666,15.194444444444445,,4.8012500000000005,36.0,36.0,,C7-17
C7,2025,CM2,Int,Danja 1,52.0,52.0,0.0,27.0,0.0,51.92307692307692,100.0,3.6490384615384617,3.625,15.245192307692308,15.3125,,3.9998076923076926,52.0,52.0,,C7-03
C7,2025,CM2,Int,Danja 2,34.0,34.0,1.0,17.0,2.9411764705882355,50.0,100.0,4.727941176470588,4.713235294117647,14.886363636363637,15.909090909090908,,3.67939393939394,34.0,33.0,,C7-04
C7,2025,CM2,Int,Garin Yari Idi,44.0,44.0,0.0,24.0,0.0,54.54545454545455,100.0,3.358139534883721,3.869767441860465,16.040697674418606,15.726744186046512,,4.558181818181819,43.0,43.0,,C7-13
C7,2025,CM2,Int,Kadata,32.0,32.0,0.0,18.0,0.0,56.25,100.0,5.015625,7.15625,14.65625,15.2890625,,4.648620689655172,32.0,32.0,,C7-29
C7,2025,CM2,Int,Kadigaoua,18.0,18.0,0.0,10.0,0.0,55.55555555555556,100.0,4.638888888888889,4.277777777777778,13.01388888888889,13.194444444444445,,4.616111111111112,18.0,18.0,,C7-30
C7,2025,CM2,Int,Kalgon Waraou,36.0,36.0,0.0,20.0,0.0,55.55555555555556,100.0,4.2125,4.534722222222222,15.569444444444445,16.77777777777778,,4.251944444444444,36.0,36.0,,C7-14
C7,2025,CM2,Int,Kountarou Mairairai,36.0,36.0,0.0,21.0,0.0,58.333333333333336,,3.111111111111111,3.243055555555556,13.57638888888889,15.125,,4.2830555555555545,36.0,36.0,,C7-31
C7,2025,CM2,Int,Mallamai Saboua,35.0,35.0,0.0,22.0,0.0,62.85714285714285,100.0,4.038571428571428,4.390000000000001,13.514285714285714,14.242857142857142,,4.479428571428572,35.0,35.0,,C7-33
C7,2025,CM2,Int,Maradou Centre,35.0,35.0,0.0,24.0,0.0,68.57142857142857,100.0,5.457142857142857,5.228571428571429,13.895714285714286,14.985714285714286,,5.026,35.0,35.0,,C7-09
C7,2025,CM2,Int,Mountarou Barmo,19.0,19.0,1.0,18.0,5.2631578947368425,94.73684210526316,100.0,5.526315789473684,4.7105263157894735,14.38888888888889,17.333333333333332,,5.876851851851852,19.0,18.0,,C7-34
C7,2025,CM2,Int,Oubandawaki Alfacha,18.0,18.0,0.0,15.0,0.0,83.33333333333333,100.0,5.083333333333333,5.005555555555556,13.291666666666666,14.02777777777778,,5.787222222222222,18.0,18.0,,C7-36
C7,2025,CM2,Int,Sabon Gari Kolta,41.0,41.0,0.0,22.0,0.0,53.65853658536585,100.0,3.870731707317073,5.0,13.310975609756095,14.164634146341465,,4.086829268292683,41.0,41.0,,C7-02
C7,2025,CM2,Int,Safo Nassaraoua,31.0,31.0,0.0,20.0,0.0,64.51612903225806,100.0,3.75,3.75,13.006451612903223,14.137096774193548,,4.689354838709677,31.0,31.0,,C7-07
C7,2025,CM2,Int,Soura Magaji Rogo,37.0,36.0,0.0,19.0,0.0,52.77777777777778,100.0,3.6180555555555554,3.875,14.180555555555555,14.208333333333334,,4.261944444444444,36.0,36.0,,C7-23
C7,2025,CM2,Int,Soura Sarkin Galma 1,36.0,36.0,0.0,19.0,0.0,52.77777777777778,100.0,4.222222222222222,4.691666666666666,12.38888888888889,13.270833333333334,,4.1925,36.0,36.0,,C7-21
C7,2025,CM2,Int,Soura Sarkin Galma 2,33.0,33.0,1.0,13.0,3.0303030303030303,39.39393939393939,100.0,3.196969696969697,3.460606060606061,11.4140625,11.6953125,,3.504545454545455,33.0,32.0,,C7-22
C7,2025,CM2,Int,Takalmaoua 1,21.0,21.0,1.0,11.0,4.761904761904762,52.38095238095238,100.0,3.5452380952380955,3.1904761904761907,13.025,12.375,,4.031999999999999,21.0,20.0,,C7-01
C7,2025,CM2,Int,Takalmaoua 2,14.0,14.0,0.0,8.0,0.0,57.142857142857146,100.0,4.333333333333333,4.166666666666667,15.0,12.5,,4.250714285714285,6.0,6.0,,C7-06
C7,2025,CM2,Int,Tibiri Nord 3,23.0,23.0,0.0,13.0,0.0,56.52173913043478,92.3076923076923,2.9078947368421053,2.473684210526316,12.578947368421051,13.236842105263158,,4.221304347826088,19.0,19.0,,C7-25
C7,2025,CM2,Int,Waraou,43.0,41.0,0.0,20.0,0.0,48.78048780487805,95.0,3.473170731707317,3.3109756097560976,12.378048780487806,11.25,,3.315853658536585,41.0,41.0,,C7-24
C8,2026,CM1,Ctrl,Bini,24.0,24.0,3.0,15.0,12.5,62.5,,0.25,0.7708333333333334,3.125,2.75,,,12.0,2.0,,C8-47
C8,2026,CM1,Ctrl,Dan Bako,24.0,24.0,5.0,17.0,20.833333333333332,70.83333333333333,,1.9318181818181817,1.5909090909090908,,,,,22.0,0.0,,C8-27
C8,2026,CM1,Ctrl,Dan Bouzou,15.0,15.0,7.0,5.0,46.666666666666664,33.333333333333336,,0.75,0.725,,,,,10.0,0.0,,C8-43
C8,2026,CM1,Ctrl,Dan Gara,19.0,19.0,7.0,10.0,36.8421052631579,52.63157894736842,,0.59375,0.921875,,,,,16.0,0.0,,C8-26
C8,2026,CM1,Ctrl,Djirataoua Bilingue,20.0,20.0,1.0,16.0,5.0,80.0,,0.875,1.6125,2.9166666666666665,2.35,,,20.0,6.0,,C8-03
C8,2026,CM1,Ctrl,Galadantchi,16.0,16.0,4.0,11.0,25.0,68.75,,1.0625,1.375,,2.75,,,16.0,0.0,,C8-02
C8,2026,CM1,Ctrl,Garin Daoure 1,19.0,19.0,5.0,13.0,26.31578947368421,68.42105263157895,,1.78125,1.1875,,,,,16.0,0.0,,C8-24
C8,2026,CM1,Ctrl,Garin Daoure 2,16.0,,,,,,,1.5625,1.6875,,,,,16.0,0.0,,C8-23
C8,2026,CM1,Ctrl,Garin Daure1,19.0,,,,,,,,,,,,,,,,
C8,2026,CM1,Ctrl,Garin Malam Hamza,20.0,20.0,7.0,10.0,35.0,50.0,,1.2666666666666666,1.0666666666666669,,,,,15.0,0.0,,C8-25
C8,2026,CM1,Ctrl,Guidan Koube,20.0,20.0,5.0,12.0,25.0,60.0,,2.0,1.5,4.0,,,,2.0,2.0,,C8-50
C8,2026,CM1,Ctrl,Guidan Zoudi,20.0,20.0,3.0,13.0,15.0,65.0,,0.8461538461538461,1.1923076923076923,,,,,13.0,0.0,,C8-46
C8,2026,CM1,Ctrl,Imbelbelou 3,41.0,41.0,7.0,33.0,17.073170731707318,80.48780487804878,,1.5375,1.525,3.8181818181818175,3.25,,,40.0,11.0,,C8-20
C8,2026,CM1,Ctrl,Indoto Balla,20.0,,,,,,,,,,,,,,,,
C8,2026,CM1,Ctrl,Jirataoua Bilingue,20.0,,,,,,,,,,,,,,,,
C8,2026,CM1,Ctrl,Kara Kara 1,51.0,51.0,9.0,39.0,17.647058823529413,76.47058823529412,,0.7378048780487805,1.524390243902439,3.0,2.0,,,41.0,1.0,,C8-15
C8,2026,CM1,Ctrl,Kara Kara 2,34.0,33.0,9.0,22.0,27.272727272727273,66.66666666666667,,2.0,1.4375,,,,,32.0,0.0,,C8-16
C8,2026,CM1,Ctrl,Kara Kara 3,48.0,48.0,9.0,35.0,18.75,72.91666666666667,,1.578125,0.5,2.5,1.5,,,32.0,1.0,,C8-14
C8,2026,CM1,Ctrl,Karambi Saboua,17.0,17.0,4.0,10.0,23.529411764705884,58.8235294117647,,1.5833333333333333,1.4666666666666666,,,,,15.0,0.0,,C8-30
C8,2026,CM1,Ctrl,Karambi Sofoua,18.0,18.0,5.0,11.0,27.77777777777778,61.111111111111114,,0.75,1.5384615384615383,,,,,13.0,0.0,,C8-34
C8,2026,CM1,Ctrl,Karambi Tsohoua,18.0,,,,,,,,,,,,,,,,
C8,2026,CM1,Ctrl,Kontagora Goussaoua,11.0,11.0,1.0,9.0,9.090909090909092,81.81818181818181,,1.0,1.9318181818181817,3.25,2.875,,,11.0,2.0,,C8-04
C8,2026,CM1,Ctrl,Kontagora Sofoua,20.0,20.0,6.0,10.0,30.0,50.0,,0.5,0.5,,,,,6.0,0.0,,C8-01
C8,2026,CM1,Ctrl,Magami,19.0,19.0,6.0,8.0,31.57894736842105,42.10526315789474,,1.0,1.0,,,,,19.0,0.0,,C8-42
C8,2026,CM1,Ctrl,Maisso,17.0,10.0,3.0,5.0,30.0,50.0,,0.9166666666666666,1.0,,,,,12.0,0.0,,C8-22
C8,2026,CM1,Ctrl,Mata Milki,25.0,25.0,2.0,20.0,8.0,80.0,,1.105263157894737,1.0526315789473684,3.857142857142857,3.625,,,19.0,7.0,,C8-38
C8,2026,CM1,Ctrl,Maza Tsaye 1,62.0,,,,,,,1.4780701754385963,0.8859649122807017,,,,,57.0,0.0,,C8-13
C8,2026,CM1,Ctrl,Maza Tsaye 2,24.0,24.0,9.0,12.0,37.5,50.0,,2.117647058823529,0.5294117647058824,,,,,17.0,0.0,,C8-17
C8,2026,CM1,Ctrl,Oumarou Laouali Gago,21.0,21.0,1.0,18.0,4.761904761904762,85.71428571428571,,1.2916666666666667,1.6388888888888888,,,,,18.0,0.0,,C8-05
C8,2026,CM1,Ctrl,Radi Centre 1,37.0,37.0,7.0,27.0,18.91891891891892,72.97297297297297,,0.7844827586206896,1.1879310344827587,3.107142857142857,3.75,,,29.0,7.0,,C8-08
C8,2026,CM1,Ctrl,Radi Centre 2,31.0,31.0,11.0,14.0,35.483870967741936,45.16129032258065,,0.6022727272727273,0.8478260869565217,2.875,2.75,,,22.0,2.0,,C8-07
C8,2026,CM1,Ctrl,Radi Quartier,33.0,33.0,9.0,21.0,27.272727272727273,63.63636363636363,,1.2314814814814814,1.7037037037037035,3.0,2.0,,,27.0,1.0,,C8-09
C8,2026,CM1,Ctrl,Riadi Centre1,37.0,,,,,,,,,,,,,,,,
C8,2026,CM1,Ctrl,Riadi Centre2,31.0,,,,,,,,,,,,,,,,
C8,2026,CM1,Ctrl,Safo Chadaoua,22.0,22.0,5.0,16.0,22.727272727272727,72.72727272727273,,0.6346153846153846,1.4807692307692308,2.8125,2.083333333333333,,,13.0,4.0,,C8-12
C8,2026,CM1,Ctrl,Soumarana,19.0,19.0,6.0,10.0,31.57894736842105,52.63157894736842,,0.8888888888888888,0.9722222222222222,,1.5,,,18.0,0.0,,C8-11
C8,2026,CM1,Ctrl,Tajaye Djirataoua,35.0,35.0,7.0,24.0,20.0,68.57142857142857,,0.8571428571428571,0.9642857142857144,,,,,28.0,0.0,,C8-06
C8,2026,CM1,Ctrl,Tchido,29.0,29.0,4.0,24.0,13.793103448275861,82.75862068965517,,0.8823529411764706,1.6176470588235294,2.0,3.5,,,17.0,1.0,,C8-37
C8,2026,CM1,Ctrl,Touzza,23.0,23.0,2.0,18.0,8.695652173913043,78.26086956521739,,1.8636363636363635,1.2727272727272727,,,,,22.0,0.0,,
C8,2026,CM1,Ctrl,Tsana Publique,18.0,,,,,,,,,,,,,,,,
C8,2026,CM1,Ctrl,Tsanna Publique,18.0,18.0,7.0,7.0,38.888888888888886,38.888888888888886,,1.0333333333333334,0.5333333333333333,2.0,2.0,,,15.0,1.0,,C8-29
C8,2026,CM1,Ctrl,Wakasso,31.0,31.0,8.0,17.0,25.806451612903224,54.83870967741935,,1.0,0.65,3.5625,3.678571428571429,,,15.0,4.0,,C8-39
C8,2026,CM1,Ctrl,Yan Doto Bala,20.0,20.0,9.0,6.0,45.0,30.0,,0.9642857142857144,0.6428571428571429,2.0,2.0,,,14.0,1.0,,C8-35
C8,2026,CM1,Ctrl,Yan Doto Garin Malam,23.0,23.0,6.0,11.0,26.08695652173913,47.82608695652174,,0.6153846153846154,0.1923076923076923,,,,,13.0,0.0,,C8-31
C8,2026,CM1,Ctrl,Yan Zango,31.0,31.0,11.0,17.0,35.483870967741936,54.83870967741935,,0.7794117647058824,0.8529411764705882,,,,,17.0,0.0,,C8-19
C8,2026,CM1,Ctrl,Zabon Mousso,14.0,14.0,3.0,9.0,21.428571428571427,64.28571428571429,,0.8888888888888888,1.1388888888888888,2.75,2.25,,,9.0,2.0,,C8-40
C8,2026,CM1,Int,Barouana,19.0,19.0,0.0,18.0,0.0,94.73684210526316,,1.1923076923076923,1.6923076923076923,7.605263157894737,7.526315789473684,,,13.0,19.0,,C8-26
C8,2026,CM1,Int,Dan Aicha,19.0,19.0,0.0,17.0,0.0,89.47368421052632,,1.3970588235294117,1.2058823529411764,9.736842105263158,9.947368421052632,,,17.0,19.0,,C8-45
C8,2026,CM1,Int,Dan Fillo 3,34.0,34.0,0.0,33.0,0.0,97.05882352941177,,1.4741379310344829,1.4655172413793105,7.632352941176471,9.352941176470589,,,29.0,34.0,,C8-16
C8,2026,CM1,Int,Dan Gamdji(saé saboua),17.0,,,,,,,,,,,,,,,,
C8,2026,CM1,Int,Dan Gamji (Sae Saboua),17.0,17.0,0.0,17.0,0.0,100.0,,1.5147058823529411,1.911764705882353,7.0588235294117645,7.323529411764706,,,17.0,17.0,,C8-27
C8,2026,CM1,Int,Danja 1,43.0,43.0,0.0,43.0,0.0,100.0,,1.2692307692307692,1.2371794871794872,7.244186046511628,9.16279069767442,,,39.0,43.0,,C8-03
C8,2026,CM1,Int,Danja 2,25.0,25.0,1.0,24.0,4.0,96.0,,1.3863636363636365,1.3636363636363635,8.604166666666666,9.541666666666666,,,22.0,24.0,,C8-04
C8,2026,CM1,Int,Douma 1,22.0,22.0,0.0,20.0,0.0,90.9090909090909,,1.5,1.3636363636363635,6.943181818181818,9.590909090909092,,,22.0,22.0,,C8-50
C8,2026,CM1,Int,Gadambo,29.0,29.0,0.0,29.0,0.0,100.0,,1.391304347826087,1.6956521739130437,8.258620689655173,9.482758620689657,,,23.0,29.0,,C8-36
C8,2026,CM1,Int,Galma1,40.0,,,,,,,,,,,,,,,,
C8,2026,CM1,Int,Garin Bouwey,20.0,20.0,1.0,19.0,5.0,95.0,,1.0625,1.15625,8.43421052631579,9.052631578947368,,,16.0,19.0,,C8-37
C8,2026,CM1,Int,Garin Bouweye,20.0,,,,,,,,,,,,,,,,
C8,2026,CM1,Int,Garin Yari Idi,24.0,24.0,0.0,24.0,0.0,100.0,,1.5555555555555556,1.2222222222222223,6.822916666666667,8.489583333333334,,,18.0,24.0,,C8-13
C8,2026,CM1,Int,Gawaro,16.0,16.0,0.0,15.0,0.0,93.75,,1.625,1.0357142857142858,7.296875,8.828125,,,14.0,16.0,,C8-39
C8,2026,CM1,Int,Gawaro Madateye,16.0,,,,,,,,,,,,,,,,
C8,2026,CM1,Int,Jan Ruwa Sedentaire,15.0,15.0,0.0,14.0,0.0,93.33333333333333,,0.7115384615384616,0.6153846153846154,6.916666666666667,7.533333333333333,,,13.0,15.0,,C8-40
C8,2026,CM1,Int,Kadigaoua,12.0,12.0,0.0,12.0,0.0,100.0,,1.3333333333333333,1.625,7.5625,7.395833333333333,,,12.0,12.0,,C8-29
C8,2026,CM1,Int,Katare 1,43.0,43.0,0.0,43.0,0.0,100.0,,1.019736842105263,1.394736842105263,8.424418604651162,9.209302325581396,,,38.0,43.0,,C8-14
C8,2026,CM1,Int,Katare 2,23.0,23.0,0.0,23.0,0.0,100.0,,1.7857142857142858,1.5952380952380951,7.141304347826087,9.217391304347826,,,21.0,23.0,,C8-15
C8,2026,CM1,Int,Koderaoua,12.0,12.0,0.0,12.0,0.0,100.0,,1.6363636363636365,1.7272727272727273,7.1875,9.75,,,11.0,12.0,,C8-05
C8,2026,CM1,Int,Louloubi,19.0,19.0,0.0,19.0,0.0,100.0,,1.3235294117647058,0.7941176470588235,8.5,8.210526315789474,,,17.0,19.0,,C8-30
C8,2026,CM1,Int,Maijanguero,24.0,24.0,0.0,23.0,0.0,95.83333333333333,,2.282608695652174,1.1304347826086956,7.041666666666667,9.0,,,23.0,24.0,,C8-43
C8,2026,CM1,Int,Mallamai Saboua,30.0,30.0,0.0,30.0,0.0,100.0,,1.101851851851852,0.9166666666666666,8.083333333333334,8.6,,,27.0,30.0,,C8-31
C8,2026,CM1,Int,Maradou Centre,14.0,14.0,0.0,14.0,0.0,100.0,,0.9090909090909092,0.7272727272727273,7.357142857142857,8.964285714285714,,,11.0,14.0,,C8-09
C8,2026,CM1,Int,Mountarou 1,20.0,20.0,0.0,20.0,0.0,100.0,,1.5125,1.525,7.4375,7.75,,,20.0,20.0,,C8-38
C8,2026,CM1,Int,Mountarou Barmo,22.0,22.0,0.0,21.0,0.0,95.45454545454545,,1.631578947368421,1.5394736842105263,6.761363636363637,7.920454545454546,,,19.0,22.0,,C8-32
C8,2026,CM1,Int,Nord3,32.0,,,,,,,,,,,,,,,,
C8,2026,CM1,Int,Oubandawaki Alfacha,16.0,16.0,0.0,12.0,0.0,75.0,,1.8571428571428568,1.0178571428571428,8.359375,7.078125,,,14.0,16.0,,C8-34
C8,2026,CM1,Int,Sabon Gari Kolta,27.0,27.0,0.0,25.0,0.0,92.5925925925926,,1.3636363636363635,1.4090909090909092,7.074074074074074,8.277777777777779,,,22.0,27.0,,C8-02
C8,2026,CM1,Int,Safo El Mougou,11.0,11.0,0.0,10.0,0.0,90.9090909090909,,0.9285714285714286,1.4285714285714286,6.7727272727272725,9.363636363636363,,,7.0,11.0,,C8-10
C8,2026,CM1,Int,Safo Nassaraoua,12.0,12.0,0.0,11.0,0.0,91.66666666666667,,0.4444444444444444,0.5555555555555556,8.208333333333334,9.083333333333334,,,9.0,12.0,,C8-07
C8,2026,CM1,Int,Safo Quartier,33.0,33.0,1.0,31.0,3.0303030303030303,93.93939393939394,,1.9545454545454544,1.2575757575757576,9.1328125,9.296875,,,33.0,32.0,,C8-12
C8,2026,CM1,Int,Soura 1,27.0,27.0,0.0,26.0,0.0,96.29629629629629,,1.12,1.6,7.2592592592592595,6.898148148148148,,,25.0,27.0,,C8-17
C8,2026,CM1,Int,Soura 2,28.0,28.0,0.0,28.0,0.0,100.0,,1.2115384615384617,1.3653846153846154,7.321428571428571,9.258928571428571,,,26.0,28.0,,C8-18
C8,2026,CM1,Int,Soura 3,21.0,21.0,0.0,20.0,0.0,95.23809523809524,,1.2976190476190477,1.4761904761904765,8.404761904761905,8.011904761904763,,,21.0,21.0,,C8-19
C8,2026,CM1,Int,Soura Magaji Rogo,40.0,40.0,0.0,39.0,0.0,97.5,,1.4013157894736843,1.4013157894736843,7.46875,9.425,,,38.0,40.0,,C8-22
C8,2026,CM1,Int,Soura Saraki,38.0,38.0,1.0,37.0,2.6315789473684212,97.36842105263158,,1.3243243243243243,1.351351351351351,7.22972972972973,9.114864864864863,,,37.0,37.0,,C8-25
C8,2026,CM1,Int,Soura Sarkin Galma 1,40.0,40.0,0.0,37.0,0.0,92.5,,1.875,1.1875,7.64375,7.38125,,,36.0,40.0,,C8-20
C8,2026,CM1,Int,Soura Sarkin Galma 2,25.0,25.0,0.0,24.0,0.0,96.0,,1.1363636363636365,1.4772727272727273,8.041666666666666,8.28125,,,22.0,24.0,,C8-21
C8,2026,CM1,Int,Tagaza,26.0,26.0,0.0,26.0,0.0,100.0,,1.6730769230769231,1.7692307692307692,8.557692307692308,7.596153846153846,,,26.0,26.0,,C8-35
C8,2026,CM1,Int,Takalmaoua 1,19.0,19.0,0.0,18.0,0.0,94.73684210526316,,1.7647058823529411,0.8823529411764706,7.157894736842105,8.526315789473685,,,17.0,19.0,,C8-01
C8,2026,CM1,Int,Takalmaoua 2,15.0,15.0,0.0,15.0,0.0,100.0,,1.5333333333333334,1.5166666666666666,7.433333333333334,9.266666666666667,,,15.0,15.0,,C8-06
C8,2026,CM1,Int,Tawalala,21.0,21.0,0.0,19.0,0.0,90.47619047619048,,0.7,1.1333333333333333,7.619047619047619,9.285714285714286,,,15.0,21.0,,C8-42
C8,2026,CM1,Int,Tchikadji Centre,29.0,29.0,0.0,28.0,0.0,96.55172413793103,,1.03125,0.9791666666666666,7.310344827586207,8.655172413793103,,,24.0,29.0,,C8-08
C8,2026,CM1,Int,Tchikadji Quartier,12.0,12.0,0.0,11.0,0.0,91.66666666666667,,1.4166666666666667,1.9166666666666667,6.916666666666667,9.666666666666666,,,12.0,12.0,,C8-11
C8,2026,CM1,Int,Tibiri Nord 3,32.0,32.0,0.0,30.0,0.0,93.75,,1.6451612903225807,1.4838709677419355,7.8359375,9.078125,,,31.0,32.0,,C8-24
C8,2026,CM1,Int,Waraou,20.0,20.0,0.0,19.0,0.0,95.0,,1.0333333333333334,0.9666666666666668,8.0375,9.15,,,15.0,20.0,,C8-23
C8,2026,CM2,Ctrl,ALSAWA,19.0,,,,,,,,,,,,,,,,
C8,2026,CM2,Ctrl,Algafia/Kotsi,27.0,27.0,6.0,10.0,22.22222222222222,37.03703703703704,,,,2.5576923076923075,2.7222222222222223,1.212962962962963,,0.0,13.0,,C8-48
C8,2026,CM2,Ctrl,Alssaoua,19.0,19.0,3.0,9.0,15.789473684210526,47.36842105263158,,,,4.5,2.388888888888889,0.6710526315789473,,0.0,1.0,,C8-32
C8,2026,CM2,Ctrl,Bilingue Djirataoua,29.0,,,,,,,,,,,,,,,,
C8,2026,CM2,Ctrl,Bini,19.0,19.0,4.0,8.0,21.05263157894737,42.10526315789474,,,,2.458333333333333,1.875,2.5526315789473686,,0.0,6.0,,C8-47
C8,2026,CM2,Ctrl,Chapke,23.0,23.0,1.0,10.0,4.3478260869565215,43.47826086956522,,,,2.95,2.0,0.5869565217391305,,0.0,5.0,,C8-49
C8,2026,CM2,Ctrl,Dan Bako,28.0,28.0,2.0,10.0,7.142857142857143,35.714285714285715,,,,3.0,2.642857142857143,0.9464285714285714,,0.0,6.0,,C8-27
C8,2026,CM2,Ctrl,Dan Bouzou,29.0,29.0,2.0,11.0,6.896551724137931,37.93103448275862,,,,2.2,2.175,0.6120689655172413,,0.0,5.0,,C8-43
C8,2026,CM2,Ctrl,Dan Gara,38.0,38.0,2.0,23.0,5.2631578947368425,60.526315789473685,,,,2.477272727272727,2.5384615384615383,0.5657894736842105,,0.0,11.0,,C8-26
C8,2026,CM2,Ctrl,Dan Toumbi,21.0,21.0,6.0,10.0,28.571428571428573,47.61904761904762,,,,2.5,2.4285714285714284,0.7857142857142857,,0.0,5.0,,C8-44
C8,2026,CM2,Ctrl,Djirataoua Bilingue,29.0,29.0,2.0,15.0,6.896551724137931,51.724137931034484,,,,3.55,3.1666666666666665,1.0172413793103448,,0.0,5.0,,C8-03
C8,2026,CM2,Ctrl,Gade,26.0,26.0,4.0,9.0,15.384615384615385,34.61538461538461,,,,3.321428571428571,2.2291666666666665,0.4583333333333333,,0.0,8.0,,C8-10
C8,2026,CM2,Ctrl,Gagadama,6.0,6.0,0.0,1.0,0.0,16.666666666666668,,,,,,0.375,,0.0,0.0,,C8-36
C8,2026,CM2,Ctrl,Galadantchi,40.0,40.0,5.0,19.0,12.5,47.5,,,,2.395833333333333,2.125,0.93125,,0.0,12.0,,C8-02
C8,2026,CM2,Ctrl,Garin Daoure 1,33.0,33.0,5.0,16.0,15.151515151515152,48.484848484848484,,,,1.9318181818181817,2.0384615384615383,1.4166666666666667,,0.0,11.0,,C8-24
C8,2026,CM2,Ctrl,Garin Daoure 2,21.0,21.0,2.0,11.0,9.523809523809524,52.38095238095238,,,,4.75,3.333333333333333,1.0,,0.0,1.0,,C8-23
C8,2026,CM2,Ctrl,Garin Magaji,4.0,4.0,0.0,1.0,0.0,25.0,,,,,,1.8125,,0.0,0.0,,C8-18
C8,2026,CM2,Ctrl,Garin Malam Hamza,22.0,22.0,1.0,13.0,4.545454545454546,59.09090909090909,,,,2.642857142857143,2.3125,1.7159090909090908,,0.0,7.0,,C8-25
C8,2026,CM2,Ctrl,Guidan Dan Galdima,27.0,27.0,2.0,12.0,7.407407407407407,44.44444444444444,,,,2.45,2.361111111111111,0.8148148148148148,,0.0,10.0,,C8-45
C8,2026,CM2,Ctrl,Guidan Koube,29.0,29.0,3.0,12.0,10.344827586206897,41.37931034482759,,,,2.0625,2.409090909090909,1.103448275862069,,0.0,8.0,,C8-50
C8,2026,CM2,Ctrl,Guidan Tambari,21.0,21.0,2.0,9.0,9.523809523809524,42.857142857142854,,,,2.4375,2.3,0.5,,0.0,12.0,,C8-41
C8,2026,CM2,Ctrl,Guidan Zoudi,15.0,15.0,1.0,7.0,6.666666666666667,46.666666666666664,,,,3.7083333333333335,2.35,2.183333333333333,,0.0,6.0,,C8-46
C8,2026,CM2,Ctrl,Guidan dan galadima,27.0,,,,,,,,,,,,,,,,
C8,2026,CM2,Ctrl,Harhin Hali,1.0,,,,,,,,,,,,,,,,
C8,2026,CM2,Ctrl,Imbelbelou 3,33.0,33.0,3.0,7.0,9.090909090909092,21.21212121212121,,,,2.5,3.125,1.5984848484848484,,0.0,2.0,,C8-20
C8,2026,CM2,Ctrl,Kara Kara 1,39.0,39.0,1.0,16.0,2.5641025641025643,41.02564102564103,,,,2.2916666666666665,2.270833333333333,1.2115384615384617,,0.0,12.0,,C8-15
C8,2026,CM2,Ctrl,Kara Kara 2,47.0,47.0,2.0,10.0,4.25531914893617,21.27659574468085,,,,2.522727272727273,2.208333333333333,1.5372340425531914,,0.0,11.0,,C8-16
C8,2026,CM2,Ctrl,Kara Kara 3,21.0,21.0,3.0,4.0,14.285714285714286,19.047619047619047,,,,3.0,1.55,2.452380952380953,,0.0,9.0,,C8-14
C8,2026,CM2,Ctrl,Karambi Saboua,27.0,27.0,2.0,15.0,7.407407407407407,55.55555555555556,,,,3.4642857142857144,2.75,1.5555555555555556,,0.0,7.0,,C8-30
C8,2026,CM2,Ctrl,Karambi Sofoua,25.0,25.0,2.0,15.0,8.0,60.0,,,,2.125,2.2,0.62,,0.0,8.0,,C8-34
C8,2026,CM2,Ctrl,Karhin Hali,22.0,22.0,1.0,12.0,4.545454545454546,54.54545454545455,,,,1.875,2.375,0.119047619047619,,0.0,2.0,,C8-28
C8,2026,CM2,Ctrl,Kontagora Goussaoua,22.0,22.0,3.0,12.0,13.636363636363637,54.54545454545455,,,,2.5357142857142856,2.357142857142857,0.7840909090909091,,0.0,7.0,,C8-04
C8,2026,CM2,Ctrl,Kontagora Sofoua,26.0,26.0,2.0,11.0,7.6923076923076925,42.30769230769231,,,,2.125,2.5625,1.0,,0.0,2.0,,C8-01
C8,2026,CM2,Ctrl,Magami,37.0,37.0,4.0,14.0,10.81081081081081,37.83783783783784,,,,2.35,2.0,1.391891891891892,,0.0,15.0,,C8-42
C8,2026,CM2,Ctrl,Maisso,31.0,31.0,5.0,14.0,16.129032258064516,45.16129032258065,,,,3.75,2.3125,1.5806451612903225,,0.0,2.0,,C8-22
C8,2026,CM2,Ctrl,Mallamai Salifou,37.0,37.0,4.0,16.0,10.81081081081081,43.24324324324324,,,,2.0416666666666665,2.361111111111111,0.8445945945945946,,0.0,6.0,,C8-33
C8,2026,CM2,Ctrl,Mata Milki,40.0,40.0,4.0,20.0,10.0,50.0,,,,2.2954545454545454,2.395833333333333,0.5375,,0.0,11.0,,C8-38
C8,2026,CM2,Ctrl,Maza Tsaye 1,53.0,53.0,3.0,23.0,5.660377358490566,43.39622641509434,,,,2.607142857142857,1.78125,1.259433962264151,,0.0,14.0,,C8-13
C8,2026,CM2,Ctrl,Maza Tsaye 2,20.0,20.0,2.0,9.0,10.0,45.0,,,,2.375,2.083333333333333,1.1,,0.0,6.0,,C8-17
C8,2026,CM2,Ctrl,Oumarou Laouali Gago,29.0,29.0,2.0,18.0,6.896551724137931,62.06896551724138,,,,2.4642857142857144,2.611111111111111,0.7413793103448276,,0.0,7.0,,C8-05
C8,2026,CM2,Ctrl,Oumarou l Gago,29.0,,,,,,,,,,,,,,,,
C8,2026,CM2,Ctrl,Radi Centre 1,35.0,35.0,3.0,12.0,8.571428571428571,34.285714285714285,,,,2.642857142857143,2.3392857142857144,0.4857142857142857,,0.0,7.0,,C8-08
C8,2026,CM2,Ctrl,Radi Centre 2,35.0,35.0,6.0,12.0,17.142857142857142,34.285714285714285,,,,2.258928571428571,2.285714285714286,0.6914335664335665,,0.0,15.0,,C8-07
C8,2026,CM2,Ctrl,Radi Quartier,42.0,42.0,4.0,15.0,9.523809523809524,35.714285714285715,,,,2.5,2.645833333333333,0.6666666666666666,,0.0,9.0,,C8-09
C8,2026,CM2,Ctrl,Safo Chadaoua,17.0,17.0,0.0,6.0,0.0,35.294117647058826,,,,,,0.6470588235294118,,0.0,0.0,,C8-12
C8,2026,CM2,Ctrl,Sarkin Aski,4.0,4.0,0.0,2.0,0.0,50.0,,,,,,0.375,,0.0,0.0,,C8-21
C8,2026,CM2,Ctrl,Soumarana,31.0,31.0,1.0,8.0,3.225806451612903,25.806451612903224,,,,1.6875,2.4,0.9538690476190476,,0.0,11.0,,C8-11
C8,2026,CM2,Ctrl,Tajaye Djirataoua,26.0,26.0,2.0,15.0,7.6923076923076925,57.69230769230769,,,,2.65,2.25,0.8846153846153846,,0.0,5.0,,C8-06
C8,2026,CM2,Ctrl,Tchido,32.0,32.0,7.0,13.0,21.875,40.625,,,,2.25,1.90625,0.6328125,,0.0,9.0,,C8-37
C8,2026,CM2,Ctrl,Wakasso,45.0,45.0,3.0,19.0,6.666666666666667,42.22222222222222,,,,2.833333333333333,3.305555555555556,1.1555555555555554,,0.0,6.0,,C8-39
C8,2026,CM2,Ctrl,Yan Doto Bala,18.0,18.0,2.0,8.0,11.11111111111111,44.44444444444444,,,,2.5625,2.888888888888889,0.8333333333333334,,0.0,8.0,,C8-35
C8,2026,CM2,Ctrl,Yan Doto Garin Malam,32.0,32.0,1.0,20.0,3.125,62.5,,,,2.5357142857142856,2.433333333333333,0.4375,,0.0,14.0,,C8-31
C8,2026,CM2,Ctrl,Yan Zango,27.0,27.0,2.0,11.0,7.407407407407407,40.74074074074074,,,,2.772727272727273,2.4038461538461537,1.6296296296296295,,0.0,11.0,,C8-19
C8,2026,CM2,Ctrl,Zabon Mousso,26.0,26.0,2.0,9.0,7.6923076923076925,34.61538461538461,,,,2.25,2.305555555555556,0.3365384615384615,,0.0,4.0,,C8-40
C8,2026,CM2,Ctrl,dan tumbi,21.0,,,,,,,,,,,,,,,,
C8,2026,CM2,Ctrl,kotsi,27.0,,,,,,,,,,,,,,,,
C8,2026,CM2,Int,Barouana,29.0,29.0,0.0,26.0,0.0,89.65517241379311,,2.9741379310344827,2.8793103448275863,7.267241379310345,7.482758620689655,,,29.0,29.0,,C8-26
C8,2026,CM2,Int,Dan Aicha,36.0,36.0,0.0,27.0,0.0,75.0,,2.048611111111111,1.9166666666666667,7.118055555555555,7.111111111111111,,,36.0,36.0,,C8-45
C8,2026,CM2,Int,Dan Fillo 3,28.0,28.0,0.0,27.0,0.0,96.42857142857143,,2.142857142857143,2.0357142857142856,6.910714285714286,7.160714285714286,,,28.0,28.0,,C8-16
C8,2026,CM2,Int,Dan Gamji (Sae Saboua),31.0,31.0,0.0,16.0,0.0,51.61290322580645,,2.8951612903225805,2.919354838709677,7.064516129032258,7.419354838709677,,,31.0,31.0,,C8-27
C8,2026,CM2,Int,Dan Gamji (Tchadoua),41.0,41.0,0.0,39.0,0.0,95.1219512195122,,2.75,2.9878048780487805,7.2073170731707314,7.268292682926829,,,41.0,41.0,,C8-44
C8,2026,CM2,Int,Danja 1,65.0,64.0,0.0,51.0,0.0,79.6875,,2.896153846153846,3.1615384615384614,7.138461538461539,6.923076923076923,,,65.0,65.0,,C8-03
C8,2026,CM2,Int,Danja 2,32.0,32.0,0.0,29.0,0.0,90.625,,2.4921875,2.75,6.9453125,7.2109375,,,32.0,32.0,,C8-04
C8,2026,CM2,Int,Douma 1,36.0,36.0,0.0,34.0,0.0,94.44444444444444,,2.8472222222222223,3.0902777777777777,7.041666666666667,7.458333333333333,,,36.0,36.0,,C8-50
C8,2026,CM2,Int,Elmougou,13.0,,,,,,,,,,,,,,,,
C8,2026,CM2,Int,G Bouwèye,1.0,,,,,,,,,,,,,,,,
C8,2026,CM2,Int,G.Bouweye,1.0,,,,,,,,,,,,,,,,
C8,2026,CM2,Int,G.Bouwèye,12.0,,,,,,,,,,,,,,,,
C8,2026,CM2,Int,G.bouwèye,1.0,,,,,,,,,,,,,,,,
C8,2026,CM2,Int,GAWARO MADATTAI,28.0,,,,,,,,,,,,,,,,
C8,2026,CM2,Int,Gadambo,27.0,27.0,0.0,20.0,0.0,74.07407407407408,,2.842592592592593,2.824074074074074,6.796296296296297,6.814814814814815,,,27.0,27.0,,C8-36
C8,2026,CM2,Int,Garin Bouwey,15.0,15.0,0.0,15.0,0.0,100.0,,2.395833333333333,2.6666666666666665,7.354166666666667,7.166666666666667,,,15.0,15.0,,C8-37
C8,2026,CM2,Int,Garin Yari Idi,37.0,37.0,0.0,31.0,0.0,83.78378378378379,,2.5878378378378377,2.695945945945946,7.263888888888889,7.0625,,,37.0,36.0,,C8-13
C8,2026,CM2,Int,Gawaro,28.0,28.0,1.0,24.0,3.5714285714285716,85.71428571428571,,2.75,2.6607142857142856,7.111111111111111,7.212962962962963,,,28.0,27.0,,C8-39
C8,2026,CM2,Int,Guidan Karma,17.0,17.0,0.0,15.0,0.0,88.23529411764706,,3.323529411764706,2.8823529411764706,7.09375,7.21875,,,17.0,16.0,,C8-46
C8,2026,CM2,Int,Guidan Magagi,18.0,18.0,0.0,10.0,0.0,55.55555555555556,,2.263888888888889,2.4444444444444446,6.763888888888889,6.708333333333333,,,18.0,18.0,,C8-47
C8,2026,CM2,Int,Guidan Moussa,47.0,45.0,0.0,43.0,0.0,95.55555555555556,,2.8882978723404253,3.0638297872340425,6.888888888888889,6.422222222222223,,,47.0,45.0,,C8-48
C8,2026,CM2,Int,Jan Ruwa Sedentaire,25.0,25.0,0.0,21.0,0.0,84.0,,3.04,2.95,7.23,6.98,,,25.0,25.0,,C8-40
C8,2026,CM2,Int,Kadata,27.0,27.0,0.0,25.0,0.0,92.5925925925926,,2.824074074074074,2.8703703703703702,6.907407407407407,7.00925925925926,,,27.0,27.0,,C8-28
C8,2026,CM2,Int,Katare 1,38.0,38.0,0.0,34.0,0.0,89.47368421052632,,2.138157894736842,2.2171052631578947,7.006578947368421,7.355263157894737,,,38.0,38.0,,C8-14
C8,2026,CM2,Int,Katare 2,23.0,23.0,0.0,19.0,0.0,82.6086956521739,,2.217391304347826,2.25,7.010869565217392,7.532608695652174,,,23.0,23.0,,C8-15
C8,2026,CM2,Int,Koderaoua,34.0,34.0,0.0,20.0,0.0,58.8235294117647,,3.235294117647059,3.4558823529411766,7.073529411764706,6.794117647058823,,,34.0,34.0,,C8-05
C8,2026,CM2,Int,Kouran Mota,20.0,20.0,0.0,19.0,0.0,95.0,,4.0875,4.05,7.2,7.2625,,,20.0,20.0,,C8-49
C8,2026,CM2,Int,Louloubi,16.0,16.0,0.0,16.0,0.0,100.0,,3.0,3.5625,7.375,7.171875,,,16.0,16.0,,C8-30
C8,2026,CM2,Int,Maijanguero,42.0,42.0,0.0,35.0,0.0,83.33333333333333,,3.369047619047619,3.273809523809524,7.160714285714286,7.279761904761905,,,42.0,42.0,,C8-43
C8,2026,CM2,Int,Mallamai Saboua,46.0,46.0,0.0,30.0,0.0,65.21739130434783,,2.994565217391304,3.4619565217391304,7.059782608695652,7.260869565217392,,,46.0,46.0,,C8-31
C8,2026,CM2,Int,Maradou Centre,30.0,30.0,0.0,28.0,0.0,93.33333333333333,,3.883333333333333,3.975,7.233333333333333,6.958333333333333,,,30.0,30.0,,C8-09
C8,2026,CM2,Int,Mountarou 1,16.0,16.0,0.0,14.0,0.0,87.5,,3.140625,2.921875,6.5625,6.890625,,,16.0,16.0,,C8-38
C8,2026,CM2,Int,Mountarou Barmo,20.0,20.0,1.0,18.0,5.0,90.0,,2.7625,2.8625,7.157894736842105,6.644736842105263,,,20.0,19.0,,C8-32
C8,2026,CM2,Int,Oubandawaki Alfacha,34.0,34.0,0.0,27.0,0.0,79.41176470588235,,2.544117647058824,2.639705882352941,7.110294117647059,7.007352941176471,,,34.0,34.0,,C8-34
C8,2026,CM2,Int,Sabon Gari Kolta,49.0,49.0,0.0,34.0,0.0,69.38775510204081,,2.806122448979592,3.010204081632653,7.035714285714286,7.280612244897959,,,49.0,49.0,,C8-02
C8,2026,CM2,Int,Sae Saboua,74.0,74.0,1.0,62.0,1.3513513513513513,83.78378378378379,,3.050675675675676,3.2905405405405403,7.299295774647887,7.014084507042254,,,74.0,71.0,,C8-33
C8,2026,CM2,Int,Safo El Mougou,13.0,13.0,0.0,10.0,0.0,76.92307692307692,,3.576923076923077,3.3461538461538463,6.903846153846154,7.134615384615385,,,13.0,13.0,,C8-10
C8,2026,CM2,Int,Safo Nassaraoua,20.0,20.0,0.0,19.0,0.0,95.0,,2.3875,2.375,7.2,6.8875,,,20.0,20.0,,C8-07
C8,2026,CM2,Int,Safo Quartier,24.0,24.0,0.0,19.0,0.0,79.16666666666667,,3.1979166666666665,3.75,7.40625,7.15625,,,24.0,24.0,,C8-12
C8,2026,CM2,Int,SaéSabouapublq1,74.0,,,,,,,,,,,,,,,,
C8,2026,CM2,Int,Soura 1,21.0,21.0,0.0,21.0,0.0,100.0,,2.1904761904761907,2.2261904761904763,7.773809523809524,7.345238095238095,,,21.0,21.0,,C8-17
C8,2026,CM2,Int,Soura 2,23.0,23.0,0.0,23.0,0.0,100.0,,2.260869565217391,2.402173913043478,7.369565217391305,7.173913043478261,,,23.0,23.0,,C8-18
C8,2026,CM2,Int,Soura 3,31.0,31.0,1.0,30.0,3.225806451612903,96.7741935483871,,2.411290322580645,2.290322580645161,6.958333333333333,7.141666666666667,,,31.0,30.0,,C8-19
C8,2026,CM2,Int,Soura Magaji Rogo,35.0,35.0,0.0,31.0,0.0,88.57142857142857,,2.107142857142857,2.271428571428572,7.214285714285714,7.321428571428571,,,35.0,35.0,,C8-22
C8,2026,CM2,Int,Soura Saraki,35.0,35.0,0.0,34.0,0.0,97.14285714285714,,2.357142857142857,2.307142857142857,7.007142857142857,7.078571428571428,,,35.0,35.0,,C8-25
C8,2026,CM2,Int,Soura Sarkin Galma 1,35.0,35.0,0.0,29.0,0.0,82.85714285714286,,2.492857142857143,2.685714285714285,6.9,7.178571428571429,,,35.0,35.0,,C8-20
C8,2026,CM2,Int,Soura Sarkin Galma 2,19.0,19.0,0.0,18.0,0.0,94.73684210526316,,2.3552631578947367,2.3026315789473686,7.434210526315789,7.118421052631579,,,19.0,19.0,,C8-21
C8,2026,CM2,Int,Tagaza,21.0,21.0,1.0,20.0,4.761904761904762,95.23809523809524,,2.833333333333333,2.9285714285714284,7.3625,6.9875,,,21.0,20.0,,C8-35
C8,2026,CM2,Int,Takalmaoua 1,25.0,26.0,1.0,25.0,3.8461538461538463,96.15384615384616,,2.87,3.04,7.052083333333333,6.947916666666667,,,25.0,24.0,,C8-01
C8,2026,CM2,Int,Takalmaoua 2,16.0,16.0,0.0,13.0,0.0,81.25,,2.3125,2.84375,6.84375,6.59375,,,16.0,16.0,,C8-06
C8,2026,CM2,Int,Tawalala,28.0,28.0,0.0,25.0,0.0,89.28571428571429,,2.919642857142857,2.75,7.330357142857143,7.017857142857143,,,28.0,28.0,,C8-42
C8,2026,CM2,Int,Tchikadji Centre,48.0,48.0,0.0,45.0,0.0,93.75,,3.6354166666666665,2.9479166666666665,7.041666666666667,6.9375,,,48.0,48.0,,C8-08
C8,2026,CM2,Int,Tchikadji Quartier,22.0,22.0,0.0,22.0,0.0,100.0,,2.8181818181818183,2.3181818181818183,7.136363636363637,7.295454545454546,,,22.0,22.0,,C8-11
C8,2026,CM2,Int,Tibiri Nord 3,36.0,36.0,0.0,31.0,0.0,86.11111111111111,,3.1041666666666665,3.4444444444444446,7.416666666666667,7.041666666666667,,,36.0,36.0,,C8-24
C8,2026,CM2,Int,Waraou,55.0,55.0,0.0,41.0,0.0,74.54545454545455,,1.2818181818181815,1.3772727272727272,7.1,7.295454545454546,,,55.0,55.0,,C8-23
C8,2026,CM2,Int,Zangon Na Ruwa,18.0,,,,,,,,,,,,,,,,
C8,2026,CM2,Int,Zangon Narouwa,18.0,18.0,0.0,18.0,0.0,100.0,,3.333333333333333,3.388888888888889,7.319444444444445,7.291666666666667,,,18.0,18.0,,C8-41
